timezone,metric,extension,independent,difference,tolerance,status
UTC,activityMonths[0],7,6,1,0,FAIL
UTC,activityMonths[10],2,2,0,0,PASS
UTC,activityMonths[11],4,4,0,0,PASS
UTC,activityMonths[1],4,4,0,0,PASS
UTC,activityMonths[2],2,2,0,0,PASS
UTC,activityMonths[3],0,0,0,0,PASS
UTC,activityMonths[4],0,0,0,0,PASS
UTC,activityMonths[5],0,0,0,0,PASS
UTC,activityMonths[6],0,0,0,0,PASS
UTC,activityMonths[7],0,0,0,0,PASS
UTC,activityMonths[8],6,6,0,0,PASS
UTC,activityMonths[9],6,6,0,0,PASS
UTC,averageDurationSeconds,110.43478260869566,115.0,-4.565217391304344,1e-10,FAIL
UTC,blitz,8,8,0,0,PASS
UTC,blitzTimeSeconds,1160,1160.0,0.0,0,PASS
UTC,blunders,3,3,0,0,PASS
UTC,bullet,6,6,0,0,PASS
UTC,bulletTimeSeconds,820,820.0,0.0,0,PASS
UTC,color.black.draws,2,2,0,0,PASS
UTC,color.black.games,15,15,0,0,PASS
UTC,color.black.losses,2,2,0,0,PASS
UTC,color.black.winRate,73.33333333333333,73.33333333333333,0.0,1e-10,PASS
UTC,color.black.wins,11,11,0,0,PASS
UTC,color.white.draws,6,6,0,0,PASS
UTC,color.white.games,16,15,1,0,FAIL
UTC,color.white.losses,6,6,0,0,PASS
UTC,color.white.winRate,25,20.0,5.0,1e-10,FAIL
UTC,color.white.wins,4,3,1,0,FAIL
UTC,combinedActiveDays,15,14,1,0,FAIL
UTC,combinedActivity,43,42,1,0,FAIL
UTC,currentCombinedStreak,5,5,0,0,PASS
UTC,currentGameStreak,4,4,0,0,PASS
UTC,currentPuzzleStreak,3,3,0,0,PASS
UTC,daily,6,6,0,0,PASS
UTC,dailyExcluded,6,6,0,0,PASS
UTC,draws,8,8,0,0,PASS
UTC,durationCoverage,0.92,0.9166666666666666,0.0033333333333334103,1e-10,FAIL
UTC,durationDistribution[0],6,5,1,0,FAIL
UTC,durationDistribution[1],12,12,0,0,PASS
UTC,durationDistribution[2],5,5,0,0,PASS
UTC,durationDistribution[3],0,0,0,0,PASS
UTC,durationDistribution[4],0,0,0,0,PASS
UTC,durationDistribution[5],0,0,0,0,PASS
UTC,ending.draw.50-move rule,1,1,0,0,PASS
UTC,ending.draw.Agreed draw,3,3,0,0,PASS
UTC,ending.draw.Insufficient material,1,1,0,0,PASS
UTC,ending.draw.Stalemate,2,2,0,0,PASS
UTC,ending.draw.Time vs insufficient material,1,1,0,0,PASS
UTC,ending.loss.Abandoned,1,1,0,0,PASS
UTC,ending.loss.Checkmate,1,1,0,0,PASS
UTC,ending.loss.Resignation,2,2,0,0,PASS
UTC,ending.loss.Timeout,4,4,0,0,PASS
UTC,ending.win.Abandoned,5,5,0,0,PASS
UTC,ending.win.Checkmate,6,6,0,0,PASS
UTC,ending.win.Resignation,3,2,1,0,FAIL
UTC,ending.win.Timeout,1,1,0,0,PASS
UTC,failed,3,3,0,0,PASS
UTC,gameActiveDays,13,12,1,0,FAIL
UTC,games,31,30,1,0,FAIL
UTC,gamesPerActiveDay,2.3846153846153846,2.5,-0.11538461538461542,1e-10,FAIL
UTC,heatmap.combined.2023-12-31,3,3,0,0,PASS
UTC,heatmap.combined.2024-02-28,3,3,0,0,PASS
UTC,heatmap.combined.2024-02-29,3,3,0,0,PASS
UTC,heatmap.combined.2024-03-10,2,2,0,0,PASS
UTC,heatmap.combined.2024-03-11,1,1,0,0,PASS
UTC,heatmap.combined.2024-11-03,2,2,0,0,PASS
UTC,heatmap.combined.2024-12-31,2,2,0,0,PASS
UTC,heatmap.combined.2025-01-01,4,4,0,0,PASS
UTC,heatmap.combined.2025-01-02,3,3,0,0,PASS
UTC,heatmap.combined.2026-09-28,1,1,0,0,PASS
UTC,heatmap.combined.2026-09-29,3,3,0,0,PASS
UTC,heatmap.combined.2026-09-30,4,4,0,0,PASS
UTC,heatmap.combined.2026-10-01,4,4,0,0,PASS
UTC,heatmap.combined.2026-10-02,7,7,0,0,PASS
UTC,heatmap.combined.2030-01-01,1,MISSING,unequal,0,FAIL
UTC,heatmap.combined.sum,43,42,1,0,FAIL
UTC,heatmap.games.2023-12-31,2,2,0,0,PASS
UTC,heatmap.games.2024-02-28,2,2,0,0,PASS
UTC,heatmap.games.2024-02-29,2,2,0,0,PASS
UTC,heatmap.games.2024-03-10,2,2,0,0,PASS
UTC,heatmap.games.2024-11-03,2,2,0,0,PASS
UTC,heatmap.games.2024-12-31,2,2,0,0,PASS
UTC,heatmap.games.2025-01-01,3,3,0,0,PASS
UTC,heatmap.games.2025-01-02,3,3,0,0,PASS
UTC,heatmap.games.2026-09-29,3,3,0,0,PASS
UTC,heatmap.games.2026-09-30,3,3,0,0,PASS
UTC,heatmap.games.2026-10-01,3,3,0,0,PASS
UTC,heatmap.games.2026-10-02,3,3,0,0,PASS
UTC,heatmap.games.2030-01-01,1,MISSING,unequal,0,FAIL
UTC,heatmap.games.sum,31,30,1,0,FAIL
UTC,heatmap.puzzles.2023-12-31,1,1,0,0,PASS
UTC,heatmap.puzzles.2024-02-28,1,1,0,0,PASS
UTC,heatmap.puzzles.2024-02-29,1,1,0,0,PASS
UTC,heatmap.puzzles.2024-03-11,1,1,0,0,PASS
UTC,heatmap.puzzles.2025-01-01,1,1,0,0,PASS
UTC,heatmap.puzzles.2026-09-28,1,1,0,0,PASS
UTC,heatmap.puzzles.2026-09-30,1,1,0,0,PASS
UTC,heatmap.puzzles.2026-10-01,1,1,0,0,PASS
UTC,heatmap.puzzles.2026-10-02,4,4,0,0,PASS
UTC,heatmap.puzzles.sum,12,12,0,0,PASS
UTC,hours[0],4,3,1,0,FAIL
UTC,hours[10],0,0,0,0,PASS
UTC,hours[11],0,0,0,0,PASS
UTC,hours[12],0,0,0,0,PASS
UTC,hours[13],0,0,0,0,PASS
UTC,hours[14],0,0,0,0,PASS
UTC,hours[15],0,0,0,0,PASS
UTC,hours[16],4,4,0,0,PASS
UTC,hours[17],16,16,0,0,PASS
UTC,hours[18],0,0,0,0,PASS
UTC,hours[19],0,0,0,0,PASS
UTC,hours[1],0,0,0,0,PASS
UTC,hours[20],0,0,0,0,PASS
UTC,hours[21],0,0,0,0,PASS
UTC,hours[22],0,0,0,0,PASS
UTC,hours[23],3,3,0,0,PASS
UTC,hours[2],0,0,0,0,PASS
UTC,hours[3],0,0,0,0,PASS
UTC,hours[4],0,0,0,0,PASS
UTC,hours[5],1,1,0,0,PASS
UTC,hours[6],2,2,0,0,PASS
UTC,hours[7],1,1,0,0,PASS
UTC,hours[8],0,0,0,0,PASS
UTC,hours[9],0,0,0,0,PASS
UTC,inaccuracies,2,2,0,0,PASS
UTC,knownDurations,23,22,1,0,FAIL
UTC,longestCombinedStreak,5,5,0,0,PASS
UTC,longestGameStreak,4,4,0,0,PASS
UTC,longestPuzzleStreak,3,3,0,0,PASS
UTC,losses,8,8,0,0,PASS
UTC,mistakePhases.endgame,3,3,0,0,PASS
UTC,mistakePhases.middlegame,3,3,0,0,PASS
UTC,mistakePhases.opening,1,1,0,0,PASS
UTC,mistakes,2,2,0,0,PASS
UTC,openings.black:B20:Sicilian Defense.draws,0,0,0,0,PASS
UTC,openings.black:B20:Sicilian Defense.games,3,3,0,0,PASS
UTC,openings.black:B20:Sicilian Defense.losses,1,1,0,0,PASS
UTC,openings.black:B20:Sicilian Defense.winRate,66.66666666666666,66.66666666666666,0.0,1e-10,PASS
UTC,openings.black:B20:Sicilian Defense.wins,2,2,0,0,PASS
UTC,openings.black:C00:French Defense.draws,0,0,0,0,PASS
UTC,openings.black:C00:French Defense.games,4,4,0,0,PASS
UTC,openings.black:C00:French Defense.losses,0,0,0,0,PASS
UTC,openings.black:C00:French Defense.winRate,100,100.0,0.0,1e-10,PASS
UTC,openings.black:C00:French Defense.wins,4,4,0,0,PASS
UTC,openings.black:C20:King's Pawn Game.draws,0,0,0,0,PASS
UTC,openings.black:C20:King's Pawn Game.games,5,5,0,0,PASS
UTC,openings.black:C20:King's Pawn Game.losses,1,1,0,0,PASS
UTC,openings.black:C20:King's Pawn Game.winRate,80,80.0,0.0,1e-10,PASS
UTC,openings.black:C20:King's Pawn Game.wins,4,4,0,0,PASS
UTC,openings.white:B20:Sicilian Defense.draws,1,1,0,0,PASS
UTC,openings.white:B20:Sicilian Defense.games,3,3,0,0,PASS
UTC,openings.white:B20:Sicilian Defense.losses,1,1,0,0,PASS
UTC,openings.white:B20:Sicilian Defense.winRate,33.33333333333333,33.33333333333333,0.0,1e-10,PASS
UTC,openings.white:B20:Sicilian Defense.wins,1,1,0,0,PASS
UTC,openings.white:C00:French Defense.draws,2,2,0,0,PASS
UTC,openings.white:C00:French Defense.games,4,4,0,0,PASS
UTC,openings.white:C00:French Defense.losses,2,2,0,0,PASS
UTC,openings.white:C00:French Defense.winRate,0,0.0,0.0,1e-10,PASS
UTC,openings.white:C00:French Defense.wins,0,0,0,0,PASS
UTC,openings.white:C20:King's Pawn Game.draws,2,2,0,0,PASS
UTC,openings.white:C20:King's Pawn Game.games,6,5,1,0,FAIL
UTC,openings.white:C20:King's Pawn Game.losses,2,2,0,0,PASS
UTC,openings.white:C20:King's Pawn Game.winRate,33.33333333333333,20.0,13.333333333333329,1e-10,FAIL
UTC,openings.white:C20:King's Pawn Game.wins,2,1,1,0,FAIL
UTC,opponents.opponent0.averageDifference,-36,-50,14,0,FAIL
UTC,opponents.opponent0.averageRating,1165,1190,-25,0,FAIL
UTC,opponents.opponent0.draws,4,4,0,0,PASS
UTC,opponents.opponent0.games,11,10,1,0,FAIL
UTC,opponents.opponent0.losses,0,0,0,0,PASS
UTC,opponents.opponent0.winRate,63.63636363636363,60.0,3.636363636363633,1e-10,FAIL
UTC,opponents.opponent0.wins,7,6,1,0,FAIL
UTC,opponents.opponent1.averageDifference,-55,-55,0,0,PASS
UTC,opponents.opponent1.averageRating,1210,1210,0,0,PASS
UTC,opponents.opponent1.draws,1,1,0,0,PASS
UTC,opponents.opponent1.games,10,10,0,0,PASS
UTC,opponents.opponent1.losses,5,5,0,0,PASS
UTC,opponents.opponent1.winRate,40,40.0,0.0,1e-10,PASS
UTC,opponents.opponent1.wins,4,4,0,0,PASS
UTC,opponents.opponent2.averageDifference,-63,-63,0,0,PASS
UTC,opponents.opponent2.averageRating,1227,1227,0,0,PASS
UTC,opponents.opponent2.draws,3,3,0,0,PASS
UTC,opponents.opponent2.games,10,10,0,0,PASS
UTC,opponents.opponent2.losses,3,3,0,0,PASS
UTC,opponents.opponent2.winRate,40,40.0,0.0,1e-10,PASS
UTC,opponents.opponent2.wins,4,4,0,0,PASS
UTC,pool.blitz.draws,2,2,0,0,PASS
UTC,pool.blitz.games,8,8,0,0,PASS
UTC,pool.blitz.losses,2,2,0,0,PASS
UTC,pool.blitz.winRate,50,50.0,0.0,1e-10,PASS
UTC,pool.blitz.wins,4,4,0,0,PASS
UTC,pool.bullet.draws,1,1,0,0,PASS
UTC,pool.bullet.games,6,6,0,0,PASS
UTC,pool.bullet.losses,2,2,0,0,PASS
UTC,pool.bullet.winRate,50,50.0,0.0,1e-10,PASS
UTC,pool.bullet.wins,3,3,0,0,PASS
UTC,pool.daily.draws,3,3,0,0,PASS
UTC,pool.daily.games,6,6,0,0,PASS
UTC,pool.daily.losses,1,1,0,0,PASS
UTC,pool.daily.winRate,33.33333333333333,33.33333333333333,0.0,1e-10,PASS
UTC,pool.daily.wins,2,2,0,0,PASS
UTC,pool.rapid.draws,2,2,0,0,PASS
UTC,pool.rapid.games,11,10,1,0,FAIL
UTC,pool.rapid.losses,3,3,0,0,PASS
UTC,pool.rapid.winRate,54.54545454545454,50.0,4.54545454545454,1e-10,FAIL
UTC,pool.rapid.wins,6,5,1,0,FAIL
UTC,pool.unknown.draws,0,0,0,0,PASS
UTC,pool.unknown.games,0,0,0,0,PASS
UTC,pool.unknown.losses,0,0,0,0,PASS
UTC,pool.unknown.winRate,0,0,0,1e-10,PASS
UTC,pool.unknown.wins,0,0,0,0,PASS
UTC,puzzleActiveDays,9,9,0,0,PASS
UTC,puzzleSuccessRate,72.72727272727273,72.72727272727273,0.0,1e-10,PASS
UTC,puzzleWeekdays[0],2,2,0,0,PASS
UTC,puzzleWeekdays[1],0,0,0,0,PASS
UTC,puzzleWeekdays[2],3,3,0,0,PASS
UTC,puzzleWeekdays[3],2,2,0,0,PASS
UTC,puzzleWeekdays[4],4,4,0,0,PASS
UTC,puzzleWeekdays[5],0,0,0,0,PASS
UTC,puzzleWeekdays[6],1,1,0,0,PASS
UTC,puzzles,12,12,0,0,PASS
UTC,puzzlesPerActiveDay,1.3333333333333333,1.3333333333333333,0.0,1e-10,PASS
UTC,rapid,11,10,1,0,FAIL
UTC,rapidTimeSeconds,560,550.0,10.0,0,FAIL
UTC,rating.blitz.change,70,70,0,0,PASS
UTC,rating.blitz.current,1180,1180,0,0,PASS
UTC,rating.blitz.games,8,8,0,0,PASS
UTC,rating.blitz.highest,1180,1180,0,0,PASS
UTC,rating.blitz.lowest,1110,1110,0,0,PASS
UTC,rating.blitz.start,1110,1110,0,0,PASS
UTC,rating.bullet.change,50,50,0,0,PASS
UTC,rating.bullet.current,1240,1240,0,0,PASS
UTC,rating.bullet.games,6,6,0,0,PASS
UTC,rating.bullet.highest,1240,1240,0,0,PASS
UTC,rating.bullet.lowest,1190,1190,0,0,PASS
UTC,rating.bullet.start,1190,1190,0,0,PASS
UTC,rating.daily.change,40,40,0,0,PASS
UTC,rating.daily.current,1290,1290,0,0,PASS
UTC,rating.daily.games,5,5,0,0,PASS
UTC,rating.daily.highest,1290,1290,0,0,PASS
UTC,rating.daily.lowest,1250,1250,0,0,PASS
UTC,rating.daily.start,1250,1250,0,0,PASS
UTC,rating.rapid.change,0,80,-80,0,FAIL
UTC,rating.rapid.current,1010,1090,-80,0,FAIL
UTC,rating.rapid.games,10,9,1,0,FAIL
UTC,rating.rapid.highest,1090,1090,0,0,PASS
UTC,rating.rapid.lowest,1010,1010,0,0,PASS
UTC,rating.rapid.start,1010,1010,0,0,PASS
UTC,rating.unknown.change,,,,0,PASS
UTC,rating.unknown.current,,,,0,PASS
UTC,rating.unknown.games,0,0,0,0,PASS
UTC,rating.unknown.highest,,,,0,PASS
UTC,rating.unknown.lowest,,,,0,PASS
UTC,rating.unknown.start,,,,0,PASS
UTC,ratingMean.blitz,1145,1145.0,0.0,1e-10,PASS
UTC,ratingMean.bullet,1215,1215.0,0.0,1e-10,PASS
UTC,ratingMean.daily,1270,1270.0,0.0,1e-10,PASS
UTC,ratingMean.rapid,1046,1050.0,-4.0,1e-10,FAIL
UTC,ratingMean.unknown,,,,1e-10,PASS
UTC,ratingSeries.blitz[0],1110,1110,0,0,PASS
UTC,ratingSeries.blitz[1],1120,1120,0,0,PASS
UTC,ratingSeries.blitz[2],1130,1130,0,0,PASS
UTC,ratingSeries.blitz[3],1140,1140,0,0,PASS
UTC,ratingSeries.blitz[4],1150,1150,0,0,PASS
UTC,ratingSeries.blitz[5],1160,1160,0,0,PASS
UTC,ratingSeries.blitz[6],1170,1170,0,0,PASS
UTC,ratingSeries.blitz[7],1180,1180,0,0,PASS
UTC,ratingSeries.bullet[0],1190,1190,0,0,PASS
UTC,ratingSeries.bullet[1],1200,1200,0,0,PASS
UTC,ratingSeries.bullet[2],1210,1210,0,0,PASS
UTC,ratingSeries.bullet[3],1220,1220,0,0,PASS
UTC,ratingSeries.bullet[4],1230,1230,0,0,PASS
UTC,ratingSeries.bullet[5],1240,1240,0,0,PASS
UTC,ratingSeries.daily[0],1250,1250,0,0,PASS
UTC,ratingSeries.daily[1],1260,1260,0,0,PASS
UTC,ratingSeries.daily[2],1270,1270,0,0,PASS
UTC,ratingSeries.daily[3],1280,1280,0,0,PASS
UTC,ratingSeries.daily[4],1290,1290,0,0,PASS
UTC,ratingSeries.rapid[0],1010,1010,0,0,PASS
UTC,ratingSeries.rapid[1],1020,1020,0,0,PASS
UTC,ratingSeries.rapid[2],1030,1030,0,0,PASS
UTC,ratingSeries.rapid[3],1040,1040,0,0,PASS
UTC,ratingSeries.rapid[4],1050,1050,0,0,PASS
UTC,ratingSeries.rapid[5],1060,1060,0,0,PASS
UTC,ratingSeries.rapid[6],1070,1070,0,0,PASS
UTC,ratingSeries.rapid[7],1080,1080,0,0,PASS
UTC,ratingSeries.rapid[8],1090,1090,0,0,PASS
UTC,ratingSeries.rapid[9],1010,MISSING,unequal,0,FAIL
UTC,rolling3.blitz[0],,,,1e-10,PASS
UTC,rolling3.blitz[1],,,,1e-10,PASS
UTC,rolling3.blitz[2],1120,1120.0,0.0,1e-10,PASS
UTC,rolling3.blitz[3],1130,1130.0,0.0,1e-10,PASS
UTC,rolling3.blitz[4],1140,1140.0,0.0,1e-10,PASS
UTC,rolling3.blitz[5],1150,1150.0,0.0,1e-10,PASS
UTC,rolling3.blitz[6],1160,1160.0,0.0,1e-10,PASS
UTC,rolling3.blitz[7],1170,1170.0,0.0,1e-10,PASS
UTC,rolling3.bullet[0],,,,1e-10,PASS
UTC,rolling3.bullet[1],,,,1e-10,PASS
UTC,rolling3.bullet[2],1200,1200.0,0.0,1e-10,PASS
UTC,rolling3.bullet[3],1210,1210.0,0.0,1e-10,PASS
UTC,rolling3.bullet[4],1220,1220.0,0.0,1e-10,PASS
UTC,rolling3.bullet[5],1230,1230.0,0.0,1e-10,PASS
UTC,rolling3.daily[0],,,,1e-10,PASS
UTC,rolling3.daily[1],,,,1e-10,PASS
UTC,rolling3.daily[2],1260,1260.0,0.0,1e-10,PASS
UTC,rolling3.daily[3],1270,1270.0,0.0,1e-10,PASS
UTC,rolling3.daily[4],1280,1280.0,0.0,1e-10,PASS
UTC,rolling3.rapid[0],,,,1e-10,PASS
UTC,rolling3.rapid[1],,,,1e-10,PASS
UTC,rolling3.rapid[2],1020,1020.0,0.0,1e-10,PASS
UTC,rolling3.rapid[3],1030,1030.0,0.0,1e-10,PASS
UTC,rolling3.rapid[4],1040,1040.0,0.0,1e-10,PASS
UTC,rolling3.rapid[5],1050,1050.0,0.0,1e-10,PASS
UTC,rolling3.rapid[6],1060,1060.0,0.0,1e-10,PASS
UTC,rolling3.rapid[7],1070,1070.0,0.0,1e-10,PASS
UTC,rolling3.rapid[8],1080,1080.0,0.0,1e-10,PASS
UTC,rolling3.rapid[9],1060,MISSING,unequal,1e-10,FAIL
UTC,solved,8,8,0,0,PASS
UTC,timeByDay.2023-12-31,30,30.0,0.0,0,PASS
UTC,timeByDay.2024-02-28,70,70.0,0.0,0,PASS
UTC,timeByDay.2024-02-29,110,110.0,0.0,0,PASS
UTC,timeByDay.2024-03-10,150,150.0,0.0,0,PASS
UTC,timeByDay.2024-11-03,190,190.0,0.0,0,PASS
UTC,timeByDay.2024-12-31,230,230.0,0.0,0,PASS
UTC,timeByDay.2025-01-01,420,420.0,0.0,0,PASS
UTC,timeByDay.2025-01-02,510,510.0,0.0,0,PASS
UTC,timeByDay.2026-09-29,600,600.0,0.0,0,PASS
UTC,timeByDay.2026-09-30,220,220.0,0.0,0,PASS
UTC,timeByDay.2030-01-01,10,MISSING,unequal,0,FAIL
UTC,timeByMonth.2023-12,30,30.0,0.0,0,PASS
UTC,timeByMonth.2024-02,180,180.0,0.0,0,PASS
UTC,timeByMonth.2024-03,150,150.0,0.0,0,PASS
UTC,timeByMonth.2024-11,190,190.0,0.0,0,PASS
UTC,timeByMonth.2024-12,230,230.0,0.0,0,PASS
UTC,timeByMonth.2025-01,930,930.0,0.0,0,PASS
UTC,timeByMonth.2026-09,820,820.0,0.0,0,PASS
UTC,timeByMonth.2030-01,10,MISSING,unequal,0,FAIL
UTC,timeByWeek.2023-12-25,30,30.0,0.0,0,PASS
UTC,timeByWeek.2024-02-26,180,180.0,0.0,0,PASS
UTC,timeByWeek.2024-03-04,150,150.0,0.0,0,PASS
UTC,timeByWeek.2024-10-28,190,190.0,0.0,0,PASS
UTC,timeByWeek.2024-12-30,1160,1160.0,0.0,0,PASS
UTC,timeByWeek.2026-09-28,820,820.0,0.0,0,PASS
UTC,timeByWeek.2029-12-31,10,MISSING,unequal,0,FAIL
UTC,totalTimeSeconds,2540,2530.0,10.0,0,FAIL
UTC,unknown,0,0,0,0,PASS
UTC,unknownDurations,2,2,0,0,PASS
UTC,unknownPuzzles,1,1,0,0,PASS
UTC,weekdays[0],0,0,0,0,PASS
UTC,weekdays[1],6,5,1,0,FAIL
UTC,weekdays[2],8,8,0,0,PASS
UTC,weekdays[3],8,8,0,0,PASS
UTC,weekdays[4],3,3,0,0,PASS
UTC,weekdays[5],0,0,0,0,PASS
UTC,weekdays[6],6,6,0,0,PASS
UTC,winRate,48.38709677419355,46.666666666666664,1.7204301075268873,1e-10,FAIL
UTC,wins,15,14,1,0,FAIL
Asia/Bangkok,activityMonths[0],9,8,1,0,FAIL
Asia/Bangkok,activityMonths[10],2,2,0,0,PASS
Asia/Bangkok,activityMonths[11],2,2,0,0,PASS
Asia/Bangkok,activityMonths[1],3,3,0,0,PASS
Asia/Bangkok,activityMonths[2],3,3,0,0,PASS
Asia/Bangkok,activityMonths[3],0,0,0,0,PASS
Asia/Bangkok,activityMonths[4],0,0,0,0,PASS
Asia/Bangkok,activityMonths[5],0,0,0,0,PASS
Asia/Bangkok,activityMonths[6],0,0,0,0,PASS
Asia/Bangkok,activityMonths[7],0,0,0,0,PASS
Asia/Bangkok,activityMonths[8],3,3,0,0,PASS
Asia/Bangkok,activityMonths[9],9,9,0,0,PASS
Asia/Bangkok,averageDurationSeconds,110.43478260869566,115.0,-4.565217391304344,1e-10,FAIL
Asia/Bangkok,blitz,8,8,0,0,PASS
Asia/Bangkok,blitzTimeSeconds,1160,1160.0,0.0,0,PASS
Asia/Bangkok,blunders,3,3,0,0,PASS
Asia/Bangkok,bullet,6,6,0,0,PASS
Asia/Bangkok,bulletTimeSeconds,820,820.0,0.0,0,PASS
Asia/Bangkok,color.black.draws,2,2,0,0,PASS
Asia/Bangkok,color.black.games,15,15,0,0,PASS
Asia/Bangkok,color.black.losses,2,2,0,0,PASS
Asia/Bangkok,color.black.winRate,73.33333333333333,73.33333333333333,0.0,1e-10,PASS
Asia/Bangkok,color.black.wins,11,11,0,0,PASS
Asia/Bangkok,color.white.draws,6,6,0,0,PASS
Asia/Bangkok,color.white.games,16,15,1,0,FAIL
Asia/Bangkok,color.white.losses,6,6,0,0,PASS
Asia/Bangkok,color.white.winRate,25,20.0,5.0,1e-10,FAIL
Asia/Bangkok,color.white.wins,4,3,1,0,FAIL
Asia/Bangkok,combinedActiveDays,17,16,1,0,FAIL
Asia/Bangkok,combinedActivity,43,42,1,0,FAIL
Asia/Bangkok,currentCombinedStreak,5,5,0,0,PASS
Asia/Bangkok,currentGameStreak,4,4,0,0,PASS
Asia/Bangkok,currentPuzzleStreak,3,3,0,0,PASS
Asia/Bangkok,daily,6,6,0,0,PASS
Asia/Bangkok,dailyExcluded,6,6,0,0,PASS
Asia/Bangkok,draws,8,8,0,0,PASS
Asia/Bangkok,durationCoverage,0.92,0.9166666666666666,0.0033333333333334103,1e-10,FAIL
Asia/Bangkok,durationDistribution[0],6,5,1,0,FAIL
Asia/Bangkok,durationDistribution[1],12,12,0,0,PASS
Asia/Bangkok,durationDistribution[2],5,5,0,0,PASS
Asia/Bangkok,durationDistribution[3],0,0,0,0,PASS
Asia/Bangkok,durationDistribution[4],0,0,0,0,PASS
Asia/Bangkok,durationDistribution[5],0,0,0,0,PASS
Asia/Bangkok,ending.draw.50-move rule,1,1,0,0,PASS
Asia/Bangkok,ending.draw.Agreed draw,3,3,0,0,PASS
Asia/Bangkok,ending.draw.Insufficient material,1,1,0,0,PASS
Asia/Bangkok,ending.draw.Stalemate,2,2,0,0,PASS
Asia/Bangkok,ending.draw.Time vs insufficient material,1,1,0,0,PASS
Asia/Bangkok,ending.loss.Abandoned,1,1,0,0,PASS
Asia/Bangkok,ending.loss.Checkmate,1,1,0,0,PASS
Asia/Bangkok,ending.loss.Resignation,2,2,0,0,PASS
Asia/Bangkok,ending.loss.Timeout,4,4,0,0,PASS
Asia/Bangkok,ending.win.Abandoned,5,5,0,0,PASS
Asia/Bangkok,ending.win.Checkmate,6,6,0,0,PASS
Asia/Bangkok,ending.win.Resignation,3,2,1,0,FAIL
Asia/Bangkok,ending.win.Timeout,1,1,0,0,PASS
Asia/Bangkok,failed,3,3,0,0,PASS
Asia/Bangkok,gameActiveDays,15,14,1,0,FAIL
Asia/Bangkok,games,31,30,1,0,FAIL
Asia/Bangkok,gamesPerActiveDay,2.066666666666667,2.142857142857143,-0.07619047619047592,1e-10,FAIL
Asia/Bangkok,heatmap.combined.2023-12-31,2,2,0,0,PASS
Asia/Bangkok,heatmap.combined.2024-01-01,1,1,0,0,PASS
Asia/Bangkok,heatmap.combined.2024-02-28,1,1,0,0,PASS
Asia/Bangkok,heatmap.combined.2024-02-29,3,3,0,0,PASS
Asia/Bangkok,heatmap.combined.2024-03-01,2,2,0,0,PASS
Asia/Bangkok,heatmap.combined.2024-03-10,2,2,0,0,PASS
Asia/Bangkok,heatmap.combined.2024-03-11,1,1,0,0,PASS
Asia/Bangkok,heatmap.combined.2024-11-03,2,2,0,0,PASS
Asia/Bangkok,heatmap.combined.2024-12-31,1,1,0,0,PASS
Asia/Bangkok,heatmap.combined.2025-01-01,2,2,0,0,PASS
Asia/Bangkok,heatmap.combined.2025-01-02,6,6,0,0,PASS
Asia/Bangkok,heatmap.combined.2026-09-29,1,1,0,0,PASS
Asia/Bangkok,heatmap.combined.2026-09-30,3,3,0,0,PASS
Asia/Bangkok,heatmap.combined.2026-10-01,4,4,0,0,PASS
Asia/Bangkok,heatmap.combined.2026-10-02,4,4,0,0,PASS
Asia/Bangkok,heatmap.combined.2026-10-03,7,7,0,0,PASS
Asia/Bangkok,heatmap.combined.2030-01-01,1,MISSING,unequal,0,FAIL
Asia/Bangkok,heatmap.combined.sum,43,42,1,0,FAIL
Asia/Bangkok,heatmap.games.2023-12-31,1,1,0,0,PASS
Asia/Bangkok,heatmap.games.2024-01-01,1,1,0,0,PASS
Asia/Bangkok,heatmap.games.2024-02-28,1,1,0,0,PASS
Asia/Bangkok,heatmap.games.2024-02-29,2,2,0,0,PASS
Asia/Bangkok,heatmap.games.2024-03-01,1,1,0,0,PASS
Asia/Bangkok,heatmap.games.2024-03-10,2,2,0,0,PASS
Asia/Bangkok,heatmap.games.2024-11-03,2,2,0,0,PASS
Asia/Bangkok,heatmap.games.2024-12-31,1,1,0,0,PASS
Asia/Bangkok,heatmap.games.2025-01-01,1,1,0,0,PASS
Asia/Bangkok,heatmap.games.2025-01-02,6,6,0,0,PASS
Asia/Bangkok,heatmap.games.2026-09-30,3,3,0,0,PASS
Asia/Bangkok,heatmap.games.2026-10-01,3,3,0,0,PASS
Asia/Bangkok,heatmap.games.2026-10-02,3,3,0,0,PASS
Asia/Bangkok,heatmap.games.2026-10-03,3,3,0,0,PASS
Asia/Bangkok,heatmap.games.2030-01-01,1,MISSING,unequal,0,FAIL
Asia/Bangkok,heatmap.games.sum,31,30,1,0,FAIL
Asia/Bangkok,heatmap.puzzles.2023-12-31,1,1,0,0,PASS
Asia/Bangkok,heatmap.puzzles.2024-02-29,1,1,0,0,PASS
Asia/Bangkok,heatmap.puzzles.2024-03-01,1,1,0,0,PASS
Asia/Bangkok,heatmap.puzzles.2024-03-11,1,1,0,0,PASS
Asia/Bangkok,heatmap.puzzles.2025-01-01,1,1,0,0,PASS
Asia/Bangkok,heatmap.puzzles.2026-09-29,1,1,0,0,PASS
Asia/Bangkok,heatmap.puzzles.2026-10-01,1,1,0,0,PASS
Asia/Bangkok,heatmap.puzzles.2026-10-02,1,1,0,0,PASS
Asia/Bangkok,heatmap.puzzles.2026-10-03,4,4,0,0,PASS
Asia/Bangkok,heatmap.puzzles.sum,12,12,0,0,PASS
Asia/Bangkok,hours[0],16,16,0,0,PASS
Asia/Bangkok,hours[10],0,0,0,0,PASS
Asia/Bangkok,hours[11],0,0,0,0,PASS
Asia/Bangkok,hours[12],1,1,0,0,PASS
Asia/Bangkok,hours[13],2,2,0,0,PASS
Asia/Bangkok,hours[14],1,1,0,0,PASS
Asia/Bangkok,hours[15],0,0,0,0,PASS
Asia/Bangkok,hours[16],0,0,0,0,PASS
Asia/Bangkok,hours[17],0,0,0,0,PASS
Asia/Bangkok,hours[18],0,0,0,0,PASS
Asia/Bangkok,hours[19],0,0,0,0,PASS
Asia/Bangkok,hours[1],0,0,0,0,PASS
Asia/Bangkok,hours[20],0,0,0,0,PASS
Asia/Bangkok,hours[21],0,0,0,0,PASS
Asia/Bangkok,hours[22],0,0,0,0,PASS
Asia/Bangkok,hours[23],4,4,0,0,PASS
Asia/Bangkok,hours[2],0,0,0,0,PASS
Asia/Bangkok,hours[3],0,0,0,0,PASS
Asia/Bangkok,hours[4],0,0,0,0,PASS
Asia/Bangkok,hours[5],0,0,0,0,PASS
Asia/Bangkok,hours[6],3,3,0,0,PASS
Asia/Bangkok,hours[7],4,3,1,0,FAIL
Asia/Bangkok,hours[8],0,0,0,0,PASS
Asia/Bangkok,hours[9],0,0,0,0,PASS
Asia/Bangkok,inaccuracies,2,2,0,0,PASS
Asia/Bangkok,knownDurations,23,22,1,0,FAIL
Asia/Bangkok,longestCombinedStreak,5,5,0,0,PASS
Asia/Bangkok,longestGameStreak,4,4,0,0,PASS
Asia/Bangkok,longestPuzzleStreak,3,3,0,0,PASS
Asia/Bangkok,losses,8,8,0,0,PASS
Asia/Bangkok,mistakePhases.endgame,3,3,0,0,PASS
Asia/Bangkok,mistakePhases.middlegame,3,3,0,0,PASS
Asia/Bangkok,mistakePhases.opening,1,1,0,0,PASS
Asia/Bangkok,mistakes,2,2,0,0,PASS
Asia/Bangkok,openings.black:B20:Sicilian Defense.draws,0,0,0,0,PASS
Asia/Bangkok,openings.black:B20:Sicilian Defense.games,3,3,0,0,PASS
Asia/Bangkok,openings.black:B20:Sicilian Defense.losses,1,1,0,0,PASS
Asia/Bangkok,openings.black:B20:Sicilian Defense.winRate,66.66666666666666,66.66666666666666,0.0,1e-10,PASS
Asia/Bangkok,openings.black:B20:Sicilian Defense.wins,2,2,0,0,PASS
Asia/Bangkok,openings.black:C00:French Defense.draws,0,0,0,0,PASS
Asia/Bangkok,openings.black:C00:French Defense.games,4,4,0,0,PASS
Asia/Bangkok,openings.black:C00:French Defense.losses,0,0,0,0,PASS
Asia/Bangkok,openings.black:C00:French Defense.winRate,100,100.0,0.0,1e-10,PASS
Asia/Bangkok,openings.black:C00:French Defense.wins,4,4,0,0,PASS
Asia/Bangkok,openings.black:C20:King's Pawn Game.draws,0,0,0,0,PASS
Asia/Bangkok,openings.black:C20:King's Pawn Game.games,5,5,0,0,PASS
Asia/Bangkok,openings.black:C20:King's Pawn Game.losses,1,1,0,0,PASS
Asia/Bangkok,openings.black:C20:King's Pawn Game.winRate,80,80.0,0.0,1e-10,PASS
Asia/Bangkok,openings.black:C20:King's Pawn Game.wins,4,4,0,0,PASS
Asia/Bangkok,openings.white:B20:Sicilian Defense.draws,1,1,0,0,PASS
Asia/Bangkok,openings.white:B20:Sicilian Defense.games,3,3,0,0,PASS
Asia/Bangkok,openings.white:B20:Sicilian Defense.losses,1,1,0,0,PASS
Asia/Bangkok,openings.white:B20:Sicilian Defense.winRate,33.33333333333333,33.33333333333333,0.0,1e-10,PASS
Asia/Bangkok,openings.white:B20:Sicilian Defense.wins,1,1,0,0,PASS
Asia/Bangkok,openings.white:C00:French Defense.draws,2,2,0,0,PASS
Asia/Bangkok,openings.white:C00:French Defense.games,4,4,0,0,PASS
Asia/Bangkok,openings.white:C00:French Defense.losses,2,2,0,0,PASS
Asia/Bangkok,openings.white:C00:French Defense.winRate,0,0.0,0.0,1e-10,PASS
Asia/Bangkok,openings.white:C00:French Defense.wins,0,0,0,0,PASS
Asia/Bangkok,openings.white:C20:King's Pawn Game.draws,2,2,0,0,PASS
Asia/Bangkok,openings.white:C20:King's Pawn Game.games,6,5,1,0,FAIL
Asia/Bangkok,openings.white:C20:King's Pawn Game.losses,2,2,0,0,PASS
Asia/Bangkok,openings.white:C20:King's Pawn Game.winRate,33.33333333333333,20.0,13.333333333333329,1e-10,FAIL
Asia/Bangkok,openings.white:C20:King's Pawn Game.wins,2,1,1,0,FAIL
Asia/Bangkok,opponents.opponent0.averageDifference,-36,-50,14,0,FAIL
Asia/Bangkok,opponents.opponent0.averageRating,1165,1190,-25,0,FAIL
Asia/Bangkok,opponents.opponent0.draws,4,4,0,0,PASS
Asia/Bangkok,opponents.opponent0.games,11,10,1,0,FAIL
Asia/Bangkok,opponents.opponent0.losses,0,0,0,0,PASS
Asia/Bangkok,opponents.opponent0.winRate,63.63636363636363,60.0,3.636363636363633,1e-10,FAIL
Asia/Bangkok,opponents.opponent0.wins,7,6,1,0,FAIL
Asia/Bangkok,opponents.opponent1.averageDifference,-55,-55,0,0,PASS
Asia/Bangkok,opponents.opponent1.averageRating,1210,1210,0,0,PASS
Asia/Bangkok,opponents.opponent1.draws,1,1,0,0,PASS
Asia/Bangkok,opponents.opponent1.games,10,10,0,0,PASS
Asia/Bangkok,opponents.opponent1.losses,5,5,0,0,PASS
Asia/Bangkok,opponents.opponent1.winRate,40,40.0,0.0,1e-10,PASS
Asia/Bangkok,opponents.opponent1.wins,4,4,0,0,PASS
Asia/Bangkok,opponents.opponent2.averageDifference,-63,-63,0,0,PASS
Asia/Bangkok,opponents.opponent2.averageRating,1227,1227,0,0,PASS
Asia/Bangkok,opponents.opponent2.draws,3,3,0,0,PASS
Asia/Bangkok,opponents.opponent2.games,10,10,0,0,PASS
Asia/Bangkok,opponents.opponent2.losses,3,3,0,0,PASS
Asia/Bangkok,opponents.opponent2.winRate,40,40.0,0.0,1e-10,PASS
Asia/Bangkok,opponents.opponent2.wins,4,4,0,0,PASS
Asia/Bangkok,pool.blitz.draws,2,2,0,0,PASS
Asia/Bangkok,pool.blitz.games,8,8,0,0,PASS
Asia/Bangkok,pool.blitz.losses,2,2,0,0,PASS
Asia/Bangkok,pool.blitz.winRate,50,50.0,0.0,1e-10,PASS
Asia/Bangkok,pool.blitz.wins,4,4,0,0,PASS
Asia/Bangkok,pool.bullet.draws,1,1,0,0,PASS
Asia/Bangkok,pool.bullet.games,6,6,0,0,PASS
Asia/Bangkok,pool.bullet.losses,2,2,0,0,PASS
Asia/Bangkok,pool.bullet.winRate,50,50.0,0.0,1e-10,PASS
Asia/Bangkok,pool.bullet.wins,3,3,0,0,PASS
Asia/Bangkok,pool.daily.draws,3,3,0,0,PASS
Asia/Bangkok,pool.daily.games,6,6,0,0,PASS
Asia/Bangkok,pool.daily.losses,1,1,0,0,PASS
Asia/Bangkok,pool.daily.winRate,33.33333333333333,33.33333333333333,0.0,1e-10,PASS
Asia/Bangkok,pool.daily.wins,2,2,0,0,PASS
Asia/Bangkok,pool.rapid.draws,2,2,0,0,PASS
Asia/Bangkok,pool.rapid.games,11,10,1,0,FAIL
Asia/Bangkok,pool.rapid.losses,3,3,0,0,PASS
Asia/Bangkok,pool.rapid.winRate,54.54545454545454,50.0,4.54545454545454,1e-10,FAIL
Asia/Bangkok,pool.rapid.wins,6,5,1,0,FAIL
Asia/Bangkok,pool.unknown.draws,0,0,0,0,PASS
Asia/Bangkok,pool.unknown.games,0,0,0,0,PASS
Asia/Bangkok,pool.unknown.losses,0,0,0,0,PASS
Asia/Bangkok,pool.unknown.winRate,0,0,0,1e-10,PASS
Asia/Bangkok,pool.unknown.wins,0,0,0,0,PASS
Asia/Bangkok,puzzleActiveDays,9,9,0,0,PASS
Asia/Bangkok,puzzleSuccessRate,72.72727272727273,72.72727272727273,0.0,1e-10,PASS
Asia/Bangkok,puzzleWeekdays[0],1,1,0,0,PASS
Asia/Bangkok,puzzleWeekdays[1],1,1,0,0,PASS
Asia/Bangkok,puzzleWeekdays[2],1,1,0,0,PASS
Asia/Bangkok,puzzleWeekdays[3],2,2,0,0,PASS
Asia/Bangkok,puzzleWeekdays[4],2,2,0,0,PASS
Asia/Bangkok,puzzleWeekdays[5],4,4,0,0,PASS
Asia/Bangkok,puzzleWeekdays[6],1,1,0,0,PASS
Asia/Bangkok,puzzles,12,12,0,0,PASS
Asia/Bangkok,puzzlesPerActiveDay,1.3333333333333333,1.3333333333333333,0.0,1e-10,PASS
Asia/Bangkok,rapid,11,10,1,0,FAIL
Asia/Bangkok,rapidTimeSeconds,560,550.0,10.0,0,FAIL
Asia/Bangkok,rating.blitz.change,70,70,0,0,PASS
Asia/Bangkok,rating.blitz.current,1180,1180,0,0,PASS
Asia/Bangkok,rating.blitz.games,8,8,0,0,PASS
Asia/Bangkok,rating.blitz.highest,1180,1180,0,0,PASS
Asia/Bangkok,rating.blitz.lowest,1110,1110,0,0,PASS
Asia/Bangkok,rating.blitz.start,1110,1110,0,0,PASS
Asia/Bangkok,rating.bullet.change,50,50,0,0,PASS
Asia/Bangkok,rating.bullet.current,1240,1240,0,0,PASS
Asia/Bangkok,rating.bullet.games,6,6,0,0,PASS
Asia/Bangkok,rating.bullet.highest,1240,1240,0,0,PASS
Asia/Bangkok,rating.bullet.lowest,1190,1190,0,0,PASS
Asia/Bangkok,rating.bullet.start,1190,1190,0,0,PASS
Asia/Bangkok,rating.daily.change,40,40,0,0,PASS
Asia/Bangkok,rating.daily.current,1290,1290,0,0,PASS
Asia/Bangkok,rating.daily.games,5,5,0,0,PASS
Asia/Bangkok,rating.daily.highest,1290,1290,0,0,PASS
Asia/Bangkok,rating.daily.lowest,1250,1250,0,0,PASS
Asia/Bangkok,rating.daily.start,1250,1250,0,0,PASS
Asia/Bangkok,rating.rapid.change,0,80,-80,0,FAIL
Asia/Bangkok,rating.rapid.current,1010,1090,-80,0,FAIL
Asia/Bangkok,rating.rapid.games,10,9,1,0,FAIL
Asia/Bangkok,rating.rapid.highest,1090,1090,0,0,PASS
Asia/Bangkok,rating.rapid.lowest,1010,1010,0,0,PASS
Asia/Bangkok,rating.rapid.start,1010,1010,0,0,PASS
Asia/Bangkok,rating.unknown.change,,,,0,PASS
Asia/Bangkok,rating.unknown.current,,,,0,PASS
Asia/Bangkok,rating.unknown.games,0,0,0,0,PASS
Asia/Bangkok,rating.unknown.highest,,,,0,PASS
Asia/Bangkok,rating.unknown.lowest,,,,0,PASS
Asia/Bangkok,rating.unknown.start,,,,0,PASS
Asia/Bangkok,ratingMean.blitz,1145,1145.0,0.0,1e-10,PASS
Asia/Bangkok,ratingMean.bullet,1215,1215.0,0.0,1e-10,PASS
Asia/Bangkok,ratingMean.daily,1270,1270.0,0.0,1e-10,PASS
Asia/Bangkok,ratingMean.rapid,1046,1050.0,-4.0,1e-10,FAIL
Asia/Bangkok,ratingMean.unknown,,,,1e-10,PASS
Asia/Bangkok,ratingSeries.blitz[0],1110,1110,0,0,PASS
Asia/Bangkok,ratingSeries.blitz[1],1120,1120,0,0,PASS
Asia/Bangkok,ratingSeries.blitz[2],1130,1130,0,0,PASS
Asia/Bangkok,ratingSeries.blitz[3],1140,1140,0,0,PASS
Asia/Bangkok,ratingSeries.blitz[4],1150,1150,0,0,PASS
Asia/Bangkok,ratingSeries.blitz[5],1160,1160,0,0,PASS
Asia/Bangkok,ratingSeries.blitz[6],1170,1170,0,0,PASS
Asia/Bangkok,ratingSeries.blitz[7],1180,1180,0,0,PASS
Asia/Bangkok,ratingSeries.bullet[0],1190,1190,0,0,PASS
Asia/Bangkok,ratingSeries.bullet[1],1200,1200,0,0,PASS
Asia/Bangkok,ratingSeries.bullet[2],1210,1210,0,0,PASS
Asia/Bangkok,ratingSeries.bullet[3],1220,1220,0,0,PASS
Asia/Bangkok,ratingSeries.bullet[4],1230,1230,0,0,PASS
Asia/Bangkok,ratingSeries.bullet[5],1240,1240,0,0,PASS
Asia/Bangkok,ratingSeries.daily[0],1250,1250,0,0,PASS
Asia/Bangkok,ratingSeries.daily[1],1260,1260,0,0,PASS
Asia/Bangkok,ratingSeries.daily[2],1270,1270,0,0,PASS
Asia/Bangkok,ratingSeries.daily[3],1280,1280,0,0,PASS
Asia/Bangkok,ratingSeries.daily[4],1290,1290,0,0,PASS
Asia/Bangkok,ratingSeries.rapid[0],1010,1010,0,0,PASS
Asia/Bangkok,ratingSeries.rapid[1],1020,1020,0,0,PASS
Asia/Bangkok,ratingSeries.rapid[2],1030,1030,0,0,PASS
Asia/Bangkok,ratingSeries.rapid[3],1040,1040,0,0,PASS
Asia/Bangkok,ratingSeries.rapid[4],1050,1050,0,0,PASS
Asia/Bangkok,ratingSeries.rapid[5],1060,1060,0,0,PASS
Asia/Bangkok,ratingSeries.rapid[6],1070,1070,0,0,PASS
Asia/Bangkok,ratingSeries.rapid[7],1080,1080,0,0,PASS
Asia/Bangkok,ratingSeries.rapid[8],1090,1090,0,0,PASS
Asia/Bangkok,ratingSeries.rapid[9],1010,MISSING,unequal,0,FAIL
Asia/Bangkok,rolling3.blitz[0],,,,1e-10,PASS
Asia/Bangkok,rolling3.blitz[1],,,,1e-10,PASS
Asia/Bangkok,rolling3.blitz[2],1120,1120.0,0.0,1e-10,PASS
Asia/Bangkok,rolling3.blitz[3],1130,1130.0,0.0,1e-10,PASS
Asia/Bangkok,rolling3.blitz[4],1140,1140.0,0.0,1e-10,PASS
Asia/Bangkok,rolling3.blitz[5],1150,1150.0,0.0,1e-10,PASS
Asia/Bangkok,rolling3.blitz[6],1160,1160.0,0.0,1e-10,PASS
Asia/Bangkok,rolling3.blitz[7],1170,1170.0,0.0,1e-10,PASS
Asia/Bangkok,rolling3.bullet[0],,,,1e-10,PASS
Asia/Bangkok,rolling3.bullet[1],,,,1e-10,PASS
Asia/Bangkok,rolling3.bullet[2],1200,1200.0,0.0,1e-10,PASS
Asia/Bangkok,rolling3.bullet[3],1210,1210.0,0.0,1e-10,PASS
Asia/Bangkok,rolling3.bullet[4],1220,1220.0,0.0,1e-10,PASS
Asia/Bangkok,rolling3.bullet[5],1230,1230.0,0.0,1e-10,PASS
Asia/Bangkok,rolling3.daily[0],,,,1e-10,PASS
Asia/Bangkok,rolling3.daily[1],,,,1e-10,PASS
Asia/Bangkok,rolling3.daily[2],1260,1260.0,0.0,1e-10,PASS
Asia/Bangkok,rolling3.daily[3],1270,1270.0,0.0,1e-10,PASS
Asia/Bangkok,rolling3.daily[4],1280,1280.0,0.0,1e-10,PASS
Asia/Bangkok,rolling3.rapid[0],,,,1e-10,PASS
Asia/Bangkok,rolling3.rapid[1],,,,1e-10,PASS
Asia/Bangkok,rolling3.rapid[2],1020,1020.0,0.0,1e-10,PASS
Asia/Bangkok,rolling3.rapid[3],1030,1030.0,0.0,1e-10,PASS
Asia/Bangkok,rolling3.rapid[4],1040,1040.0,0.0,1e-10,PASS
Asia/Bangkok,rolling3.rapid[5],1050,1050.0,0.0,1e-10,PASS
Asia/Bangkok,rolling3.rapid[6],1060,1060.0,0.0,1e-10,PASS
Asia/Bangkok,rolling3.rapid[7],1070,1070.0,0.0,1e-10,PASS
Asia/Bangkok,rolling3.rapid[8],1080,1080.0,0.0,1e-10,PASS
Asia/Bangkok,rolling3.rapid[9],1060,MISSING,unequal,1e-10,FAIL
Asia/Bangkok,solved,8,8,0,0,PASS
Asia/Bangkok,timeByDay.2023-12-31,10,10.0,0.0,0,PASS
Asia/Bangkok,timeByDay.2024-01-01,20,20.0,0.0,0,PASS
Asia/Bangkok,timeByDay.2024-02-28,30,30.0,0.0,0,PASS
Asia/Bangkok,timeByDay.2024-02-29,90,90.0,0.0,0,PASS
Asia/Bangkok,timeByDay.2024-03-01,60,60.0,0.0,0,PASS
Asia/Bangkok,timeByDay.2024-03-10,150,150.0,0.0,0,PASS
Asia/Bangkok,timeByDay.2024-11-03,190,190.0,0.0,0,PASS
Asia/Bangkok,timeByDay.2024-12-31,110,110.0,0.0,0,PASS
Asia/Bangkok,timeByDay.2025-01-01,120,120.0,0.0,0,PASS
Asia/Bangkok,timeByDay.2025-01-02,930,930.0,0.0,0,PASS
Asia/Bangkok,timeByDay.2026-09-30,600,600.0,0.0,0,PASS
Asia/Bangkok,timeByDay.2026-10-01,220,220.0,0.0,0,PASS
Asia/Bangkok,timeByDay.2030-01-01,10,MISSING,unequal,0,FAIL
Asia/Bangkok,timeByMonth.2023-12,10,10.0,0.0,0,PASS
Asia/Bangkok,timeByMonth.2024-01,20,20.0,0.0,0,PASS
Asia/Bangkok,timeByMonth.2024-02,120,120.0,0.0,0,PASS
Asia/Bangkok,timeByMonth.2024-03,210,210.0,0.0,0,PASS
Asia/Bangkok,timeByMonth.2024-11,190,190.0,0.0,0,PASS
Asia/Bangkok,timeByMonth.2024-12,110,110.0,0.0,0,PASS
Asia/Bangkok,timeByMonth.2025-01,1050,1050.0,0.0,0,PASS
Asia/Bangkok,timeByMonth.2026-09,600,600.0,0.0,0,PASS
Asia/Bangkok,timeByMonth.2026-10,220,220.0,0.0,0,PASS
Asia/Bangkok,timeByMonth.2030-01,10,MISSING,unequal,0,FAIL
Asia/Bangkok,timeByWeek.2023-12-25,10,10.0,0.0,0,PASS
Asia/Bangkok,timeByWeek.2024-01-01,20,20.0,0.0,0,PASS
Asia/Bangkok,timeByWeek.2024-02-26,180,180.0,0.0,0,PASS
Asia/Bangkok,timeByWeek.2024-03-04,150,150.0,0.0,0,PASS
Asia/Bangkok,timeByWeek.2024-10-28,190,190.0,0.0,0,PASS
Asia/Bangkok,timeByWeek.2024-12-30,1160,1160.0,0.0,0,PASS
Asia/Bangkok,timeByWeek.2026-09-28,820,820.0,0.0,0,PASS
Asia/Bangkok,timeByWeek.2029-12-31,10,MISSING,unequal,0,FAIL
Asia/Bangkok,totalTimeSeconds,2540,2530.0,10.0,0,FAIL
Asia/Bangkok,unknown,0,0,0,0,PASS
Asia/Bangkok,unknownDurations,2,2,0,0,PASS
Asia/Bangkok,unknownPuzzles,1,1,0,0,PASS
Asia/Bangkok,weekdays[0],1,1,0,0,PASS
Asia/Bangkok,weekdays[1],2,1,1,0,FAIL
Asia/Bangkok,weekdays[2],5,5,0,0,PASS
Asia/Bangkok,weekdays[3],11,11,0,0,PASS
Asia/Bangkok,weekdays[4],4,4,0,0,PASS
Asia/Bangkok,weekdays[5],3,3,0,0,PASS
Asia/Bangkok,weekdays[6],5,5,0,0,PASS
Asia/Bangkok,winRate,48.38709677419355,46.666666666666664,1.7204301075268873,1e-10,FAIL
Asia/Bangkok,wins,15,14,1,0,FAIL
Etc/GMT+5,activityMonths[0],6,6,0,0,PASS
Etc/GMT+5,activityMonths[10],2,2,0,0,PASS
Etc/GMT+5,activityMonths[11],5,4,1,0,FAIL
Etc/GMT+5,activityMonths[1],4,4,0,0,PASS
Etc/GMT+5,activityMonths[2],2,2,0,0,PASS
Etc/GMT+5,activityMonths[3],0,0,0,0,PASS
Etc/GMT+5,activityMonths[4],0,0,0,0,PASS
Etc/GMT+5,activityMonths[5],0,0,0,0,PASS
Etc/GMT+5,activityMonths[6],0,0,0,0,PASS
Etc/GMT+5,activityMonths[7],0,0,0,0,PASS
Etc/GMT+5,activityMonths[8],6,6,0,0,PASS
Etc/GMT+5,activityMonths[9],6,6,0,0,PASS
Etc/GMT+5,averageDurationSeconds,110.43478260869566,115.0,-4.565217391304344,1e-10,FAIL
Etc/GMT+5,blitz,8,8,0,0,PASS
Etc/GMT+5,blitzTimeSeconds,1160,1160.0,0.0,0,PASS
Etc/GMT+5,blunders,3,3,0,0,PASS
Etc/GMT+5,bullet,6,6,0,0,PASS
Etc/GMT+5,bulletTimeSeconds,820,820.0,0.0,0,PASS
Etc/GMT+5,color.black.draws,2,2,0,0,PASS
Etc/GMT+5,color.black.games,15,15,0,0,PASS
Etc/GMT+5,color.black.losses,2,2,0,0,PASS
Etc/GMT+5,color.black.winRate,73.33333333333333,73.33333333333333,0.0,1e-10,PASS
Etc/GMT+5,color.black.wins,11,11,0,0,PASS
Etc/GMT+5,color.white.draws,6,6,0,0,PASS
Etc/GMT+5,color.white.games,16,15,1,0,FAIL
Etc/GMT+5,color.white.losses,6,6,0,0,PASS
Etc/GMT+5,color.white.winRate,25,20.0,5.0,1e-10,FAIL
Etc/GMT+5,color.white.wins,4,3,1,0,FAIL
Etc/GMT+5,combinedActiveDays,14,13,1,0,FAIL
Etc/GMT+5,combinedActivity,43,42,1,0,FAIL
Etc/GMT+5,currentCombinedStreak,5,5,0,0,PASS
Etc/GMT+5,currentGameStreak,4,4,0,0,PASS
Etc/GMT+5,currentPuzzleStreak,3,3,0,0,PASS
Etc/GMT+5,daily,6,6,0,0,PASS
Etc/GMT+5,dailyExcluded,6,6,0,0,PASS
Etc/GMT+5,draws,8,8,0,0,PASS
Etc/GMT+5,durationCoverage,0.92,0.9166666666666666,0.0033333333333334103,1e-10,FAIL
Etc/GMT+5,durationDistribution[0],6,5,1,0,FAIL
Etc/GMT+5,durationDistribution[1],12,12,0,0,PASS
Etc/GMT+5,durationDistribution[2],5,5,0,0,PASS
Etc/GMT+5,durationDistribution[3],0,0,0,0,PASS
Etc/GMT+5,durationDistribution[4],0,0,0,0,PASS
Etc/GMT+5,durationDistribution[5],0,0,0,0,PASS
Etc/GMT+5,ending.draw.50-move rule,1,1,0,0,PASS
Etc/GMT+5,ending.draw.Agreed draw,3,3,0,0,PASS
Etc/GMT+5,ending.draw.Insufficient material,1,1,0,0,PASS
Etc/GMT+5,ending.draw.Stalemate,2,2,0,0,PASS
Etc/GMT+5,ending.draw.Time vs insufficient material,1,1,0,0,PASS
Etc/GMT+5,ending.loss.Abandoned,1,1,0,0,PASS
Etc/GMT+5,ending.loss.Checkmate,1,1,0,0,PASS
Etc/GMT+5,ending.loss.Resignation,2,2,0,0,PASS
Etc/GMT+5,ending.loss.Timeout,4,4,0,0,PASS
Etc/GMT+5,ending.win.Abandoned,5,5,0,0,PASS
Etc/GMT+5,ending.win.Checkmate,6,6,0,0,PASS
Etc/GMT+5,ending.win.Resignation,3,2,1,0,FAIL
Etc/GMT+5,ending.win.Timeout,1,1,0,0,PASS
Etc/GMT+5,failed,3,3,0,0,PASS
Etc/GMT+5,gameActiveDays,12,11,1,0,FAIL
Etc/GMT+5,games,31,30,1,0,FAIL
Etc/GMT+5,gamesPerActiveDay,2.5833333333333335,2.727272727272727,-0.1439393939393936,1e-10,FAIL
Etc/GMT+5,heatmap.combined.2023-12-31,3,3,0,0,PASS
Etc/GMT+5,heatmap.combined.2024-02-28,3,3,0,0,PASS
Etc/GMT+5,heatmap.combined.2024-02-29,3,3,0,0,PASS
Etc/GMT+5,heatmap.combined.2024-03-10,2,2,0,0,PASS
Etc/GMT+5,heatmap.combined.2024-03-11,1,1,0,0,PASS
Etc/GMT+5,heatmap.combined.2024-11-03,2,2,0,0,PASS
Etc/GMT+5,heatmap.combined.2024-12-31,3,3,0,0,PASS
Etc/GMT+5,heatmap.combined.2025-01-01,6,6,0,0,PASS
Etc/GMT+5,heatmap.combined.2026-09-28,1,1,0,0,PASS
Etc/GMT+5,heatmap.combined.2026-09-29,3,3,0,0,PASS
Etc/GMT+5,heatmap.combined.2026-09-30,4,4,0,0,PASS
Etc/GMT+5,heatmap.combined.2026-10-01,4,4,0,0,PASS
Etc/GMT+5,heatmap.combined.2026-10-02,7,7,0,0,PASS
Etc/GMT+5,heatmap.combined.2029-12-31,1,MISSING,unequal,0,FAIL
Etc/GMT+5,heatmap.combined.sum,43,42,1,0,FAIL
Etc/GMT+5,heatmap.games.2023-12-31,2,2,0,0,PASS
Etc/GMT+5,heatmap.games.2024-02-28,2,2,0,0,PASS
Etc/GMT+5,heatmap.games.2024-02-29,2,2,0,0,PASS
Etc/GMT+5,heatmap.games.2024-03-10,2,2,0,0,PASS
Etc/GMT+5,heatmap.games.2024-11-03,2,2,0,0,PASS
Etc/GMT+5,heatmap.games.2024-12-31,2,2,0,0,PASS
Etc/GMT+5,heatmap.games.2025-01-01,6,6,0,0,PASS
Etc/GMT+5,heatmap.games.2026-09-29,3,3,0,0,PASS
Etc/GMT+5,heatmap.games.2026-09-30,3,3,0,0,PASS
Etc/GMT+5,heatmap.games.2026-10-01,3,3,0,0,PASS
Etc/GMT+5,heatmap.games.2026-10-02,3,3,0,0,PASS
Etc/GMT+5,heatmap.games.2029-12-31,1,MISSING,unequal,0,FAIL
Etc/GMT+5,heatmap.games.sum,31,30,1,0,FAIL
Etc/GMT+5,heatmap.puzzles.2023-12-31,1,1,0,0,PASS
Etc/GMT+5,heatmap.puzzles.2024-02-28,1,1,0,0,PASS
Etc/GMT+5,heatmap.puzzles.2024-02-29,1,1,0,0,PASS
Etc/GMT+5,heatmap.puzzles.2024-03-11,1,1,0,0,PASS
Etc/GMT+5,heatmap.puzzles.2024-12-31,1,1,0,0,PASS
Etc/GMT+5,heatmap.puzzles.2026-09-28,1,1,0,0,PASS
Etc/GMT+5,heatmap.puzzles.2026-09-30,1,1,0,0,PASS
Etc/GMT+5,heatmap.puzzles.2026-10-01,1,1,0,0,PASS
Etc/GMT+5,heatmap.puzzles.2026-10-02,4,4,0,0,PASS
Etc/GMT+5,heatmap.puzzles.sum,12,12,0,0,PASS
Etc/GMT+5,hours[0],1,1,0,0,PASS
Etc/GMT+5,hours[10],0,0,0,0,PASS
Etc/GMT+5,hours[11],4,4,0,0,PASS
Etc/GMT+5,hours[12],16,16,0,0,PASS
Etc/GMT+5,hours[13],0,0,0,0,PASS
Etc/GMT+5,hours[14],0,0,0,0,PASS
Etc/GMT+5,hours[15],0,0,0,0,PASS
Etc/GMT+5,hours[16],0,0,0,0,PASS
Etc/GMT+5,hours[17],0,0,0,0,PASS
Etc/GMT+5,hours[18],3,3,0,0,PASS
Etc/GMT+5,hours[19],4,3,1,0,FAIL
Etc/GMT+5,hours[1],2,2,0,0,PASS
Etc/GMT+5,hours[20],0,0,0,0,PASS
Etc/GMT+5,hours[21],0,0,0,0,PASS
Etc/GMT+5,hours[22],0,0,0,0,PASS
Etc/GMT+5,hours[23],0,0,0,0,PASS
Etc/GMT+5,hours[2],1,1,0,0,PASS
Etc/GMT+5,hours[3],0,0,0,0,PASS
Etc/GMT+5,hours[4],0,0,0,0,PASS
Etc/GMT+5,hours[5],0,0,0,0,PASS
Etc/GMT+5,hours[6],0,0,0,0,PASS
Etc/GMT+5,hours[7],0,0,0,0,PASS
Etc/GMT+5,hours[8],0,0,0,0,PASS
Etc/GMT+5,hours[9],0,0,0,0,PASS
Etc/GMT+5,inaccuracies,2,2,0,0,PASS
Etc/GMT+5,knownDurations,23,22,1,0,FAIL
Etc/GMT+5,longestCombinedStreak,5,5,0,0,PASS
Etc/GMT+5,longestGameStreak,4,4,0,0,PASS
Etc/GMT+5,longestPuzzleStreak,3,3,0,0,PASS
Etc/GMT+5,losses,8,8,0,0,PASS
Etc/GMT+5,mistakePhases.endgame,3,3,0,0,PASS
Etc/GMT+5,mistakePhases.middlegame,3,3,0,0,PASS
Etc/GMT+5,mistakePhases.opening,1,1,0,0,PASS
Etc/GMT+5,mistakes,2,2,0,0,PASS
Etc/GMT+5,openings.black:B20:Sicilian Defense.draws,0,0,0,0,PASS
Etc/GMT+5,openings.black:B20:Sicilian Defense.games,3,3,0,0,PASS
Etc/GMT+5,openings.black:B20:Sicilian Defense.losses,1,1,0,0,PASS
Etc/GMT+5,openings.black:B20:Sicilian Defense.winRate,66.66666666666666,66.66666666666666,0.0,1e-10,PASS
Etc/GMT+5,openings.black:B20:Sicilian Defense.wins,2,2,0,0,PASS
Etc/GMT+5,openings.black:C00:French Defense.draws,0,0,0,0,PASS
Etc/GMT+5,openings.black:C00:French Defense.games,4,4,0,0,PASS
Etc/GMT+5,openings.black:C00:French Defense.losses,0,0,0,0,PASS
Etc/GMT+5,openings.black:C00:French Defense.winRate,100,100.0,0.0,1e-10,PASS
Etc/GMT+5,openings.black:C00:French Defense.wins,4,4,0,0,PASS
Etc/GMT+5,openings.black:C20:King's Pawn Game.draws,0,0,0,0,PASS
Etc/GMT+5,openings.black:C20:King's Pawn Game.games,5,5,0,0,PASS
Etc/GMT+5,openings.black:C20:King's Pawn Game.losses,1,1,0,0,PASS
Etc/GMT+5,openings.black:C20:King's Pawn Game.winRate,80,80.0,0.0,1e-10,PASS
Etc/GMT+5,openings.black:C20:King's Pawn Game.wins,4,4,0,0,PASS
Etc/GMT+5,openings.white:B20:Sicilian Defense.draws,1,1,0,0,PASS
Etc/GMT+5,openings.white:B20:Sicilian Defense.games,3,3,0,0,PASS
Etc/GMT+5,openings.white:B20:Sicilian Defense.losses,1,1,0,0,PASS
Etc/GMT+5,openings.white:B20:Sicilian Defense.winRate,33.33333333333333,33.33333333333333,0.0,1e-10,PASS
Etc/GMT+5,openings.white:B20:Sicilian Defense.wins,1,1,0,0,PASS
Etc/GMT+5,openings.white:C00:French Defense.draws,2,2,0,0,PASS
Etc/GMT+5,openings.white:C00:French Defense.games,4,4,0,0,PASS
Etc/GMT+5,openings.white:C00:French Defense.losses,2,2,0,0,PASS
Etc/GMT+5,openings.white:C00:French Defense.winRate,0,0.0,0.0,1e-10,PASS
Etc/GMT+5,openings.white:C00:French Defense.wins,0,0,0,0,PASS
Etc/GMT+5,openings.white:C20:King's Pawn Game.draws,2,2,0,0,PASS
Etc/GMT+5,openings.white:C20:King's Pawn Game.games,6,5,1,0,FAIL
Etc/GMT+5,openings.white:C20:King's Pawn Game.losses,2,2,0,0,PASS
Etc/GMT+5,openings.white:C20:King's Pawn Game.winRate,33.33333333333333,20.0,13.333333333333329,1e-10,FAIL
Etc/GMT+5,openings.white:C20:King's Pawn Game.wins,2,1,1,0,FAIL
Etc/GMT+5,opponents.opponent0.averageDifference,-36,-50,14,0,FAIL
Etc/GMT+5,opponents.opponent0.averageRating,1165,1190,-25,0,FAIL
Etc/GMT+5,opponents.opponent0.draws,4,4,0,0,PASS
Etc/GMT+5,opponents.opponent0.games,11,10,1,0,FAIL
Etc/GMT+5,opponents.opponent0.losses,0,0,0,0,PASS
Etc/GMT+5,opponents.opponent0.winRate,63.63636363636363,60.0,3.636363636363633,1e-10,FAIL
Etc/GMT+5,opponents.opponent0.wins,7,6,1,0,FAIL
Etc/GMT+5,opponents.opponent1.averageDifference,-55,-55,0,0,PASS
Etc/GMT+5,opponents.opponent1.averageRating,1210,1210,0,0,PASS
Etc/GMT+5,opponents.opponent1.draws,1,1,0,0,PASS
Etc/GMT+5,opponents.opponent1.games,10,10,0,0,PASS
Etc/GMT+5,opponents.opponent1.losses,5,5,0,0,PASS
Etc/GMT+5,opponents.opponent1.winRate,40,40.0,0.0,1e-10,PASS
Etc/GMT+5,opponents.opponent1.wins,4,4,0,0,PASS
Etc/GMT+5,opponents.opponent2.averageDifference,-63,-63,0,0,PASS
Etc/GMT+5,opponents.opponent2.averageRating,1227,1227,0,0,PASS
Etc/GMT+5,opponents.opponent2.draws,3,3,0,0,PASS
Etc/GMT+5,opponents.opponent2.games,10,10,0,0,PASS
Etc/GMT+5,opponents.opponent2.losses,3,3,0,0,PASS
Etc/GMT+5,opponents.opponent2.winRate,40,40.0,0.0,1e-10,PASS
Etc/GMT+5,opponents.opponent2.wins,4,4,0,0,PASS
Etc/GMT+5,pool.blitz.draws,2,2,0,0,PASS
Etc/GMT+5,pool.blitz.games,8,8,0,0,PASS
Etc/GMT+5,pool.blitz.losses,2,2,0,0,PASS
Etc/GMT+5,pool.blitz.winRate,50,50.0,0.0,1e-10,PASS
Etc/GMT+5,pool.blitz.wins,4,4,0,0,PASS
Etc/GMT+5,pool.bullet.draws,1,1,0,0,PASS
Etc/GMT+5,pool.bullet.games,6,6,0,0,PASS
Etc/GMT+5,pool.bullet.losses,2,2,0,0,PASS
Etc/GMT+5,pool.bullet.winRate,50,50.0,0.0,1e-10,PASS
Etc/GMT+5,pool.bullet.wins,3,3,0,0,PASS
Etc/GMT+5,pool.daily.draws,3,3,0,0,PASS
Etc/GMT+5,pool.daily.games,6,6,0,0,PASS
Etc/GMT+5,pool.daily.losses,1,1,0,0,PASS
Etc/GMT+5,pool.daily.winRate,33.33333333333333,33.33333333333333,0.0,1e-10,PASS
Etc/GMT+5,pool.daily.wins,2,2,0,0,PASS
Etc/GMT+5,pool.rapid.draws,2,2,0,0,PASS
Etc/GMT+5,pool.rapid.games,11,10,1,0,FAIL
Etc/GMT+5,pool.rapid.losses,3,3,0,0,PASS
Etc/GMT+5,pool.rapid.winRate,54.54545454545454,50.0,4.54545454545454,1e-10,FAIL
Etc/GMT+5,pool.rapid.wins,6,5,1,0,FAIL
Etc/GMT+5,pool.unknown.draws,0,0,0,0,PASS
Etc/GMT+5,pool.unknown.games,0,0,0,0,PASS
Etc/GMT+5,pool.unknown.losses,0,0,0,0,PASS
Etc/GMT+5,pool.unknown.winRate,0,0,0,1e-10,PASS
Etc/GMT+5,pool.unknown.wins,0,0,0,0,PASS
Etc/GMT+5,puzzleActiveDays,9,9,0,0,PASS
Etc/GMT+5,puzzleSuccessRate,72.72727272727273,72.72727272727273,0.0,1e-10,PASS
Etc/GMT+5,puzzleWeekdays[0],2,2,0,0,PASS
Etc/GMT+5,puzzleWeekdays[1],1,1,0,0,PASS
Etc/GMT+5,puzzleWeekdays[2],2,2,0,0,PASS
Etc/GMT+5,puzzleWeekdays[3],2,2,0,0,PASS
Etc/GMT+5,puzzleWeekdays[4],4,4,0,0,PASS
Etc/GMT+5,puzzleWeekdays[5],0,0,0,0,PASS
Etc/GMT+5,puzzleWeekdays[6],1,1,0,0,PASS
Etc/GMT+5,puzzles,12,12,0,0,PASS
Etc/GMT+5,puzzlesPerActiveDay,1.3333333333333333,1.3333333333333333,0.0,1e-10,PASS
Etc/GMT+5,rapid,11,10,1,0,FAIL
Etc/GMT+5,rapidTimeSeconds,560,550.0,10.0,0,FAIL
Etc/GMT+5,rating.blitz.change,70,70,0,0,PASS
Etc/GMT+5,rating.blitz.current,1180,1180,0,0,PASS
Etc/GMT+5,rating.blitz.games,8,8,0,0,PASS
Etc/GMT+5,rating.blitz.highest,1180,1180,0,0,PASS
Etc/GMT+5,rating.blitz.lowest,1110,1110,0,0,PASS
Etc/GMT+5,rating.blitz.start,1110,1110,0,0,PASS
Etc/GMT+5,rating.bullet.change,50,50,0,0,PASS
Etc/GMT+5,rating.bullet.current,1240,1240,0,0,PASS
Etc/GMT+5,rating.bullet.games,6,6,0,0,PASS
Etc/GMT+5,rating.bullet.highest,1240,1240,0,0,PASS
Etc/GMT+5,rating.bullet.lowest,1190,1190,0,0,PASS
Etc/GMT+5,rating.bullet.start,1190,1190,0,0,PASS
Etc/GMT+5,rating.daily.change,40,40,0,0,PASS
Etc/GMT+5,rating.daily.current,1290,1290,0,0,PASS
Etc/GMT+5,rating.daily.games,5,5,0,0,PASS
Etc/GMT+5,rating.daily.highest,1290,1290,0,0,PASS
Etc/GMT+5,rating.daily.lowest,1250,1250,0,0,PASS
Etc/GMT+5,rating.daily.start,1250,1250,0,0,PASS
Etc/GMT+5,rating.rapid.change,0,80,-80,0,FAIL
Etc/GMT+5,rating.rapid.current,1010,1090,-80,0,FAIL
Etc/GMT+5,rating.rapid.games,10,9,1,0,FAIL
Etc/GMT+5,rating.rapid.highest,1090,1090,0,0,PASS
Etc/GMT+5,rating.rapid.lowest,1010,1010,0,0,PASS
Etc/GMT+5,rating.rapid.start,1010,1010,0,0,PASS
Etc/GMT+5,rating.unknown.change,,,,0,PASS
Etc/GMT+5,rating.unknown.current,,,,0,PASS
Etc/GMT+5,rating.unknown.games,0,0,0,0,PASS
Etc/GMT+5,rating.unknown.highest,,,,0,PASS
Etc/GMT+5,rating.unknown.lowest,,,,0,PASS
Etc/GMT+5,rating.unknown.start,,,,0,PASS
Etc/GMT+5,ratingMean.blitz,1145,1145.0,0.0,1e-10,PASS
Etc/GMT+5,ratingMean.bullet,1215,1215.0,0.0,1e-10,PASS
Etc/GMT+5,ratingMean.daily,1270,1270.0,0.0,1e-10,PASS
Etc/GMT+5,ratingMean.rapid,1046,1050.0,-4.0,1e-10,FAIL
Etc/GMT+5,ratingMean.unknown,,,,1e-10,PASS
Etc/GMT+5,ratingSeries.blitz[0],1110,1110,0,0,PASS
Etc/GMT+5,ratingSeries.blitz[1],1120,1120,0,0,PASS
Etc/GMT+5,ratingSeries.blitz[2],1130,1130,0,0,PASS
Etc/GMT+5,ratingSeries.blitz[3],1140,1140,0,0,PASS
Etc/GMT+5,ratingSeries.blitz[4],1150,1150,0,0,PASS
Etc/GMT+5,ratingSeries.blitz[5],1160,1160,0,0,PASS
Etc/GMT+5,ratingSeries.blitz[6],1170,1170,0,0,PASS
Etc/GMT+5,ratingSeries.blitz[7],1180,1180,0,0,PASS
Etc/GMT+5,ratingSeries.bullet[0],1190,1190,0,0,PASS
Etc/GMT+5,ratingSeries.bullet[1],1200,1200,0,0,PASS
Etc/GMT+5,ratingSeries.bullet[2],1210,1210,0,0,PASS
Etc/GMT+5,ratingSeries.bullet[3],1220,1220,0,0,PASS
Etc/GMT+5,ratingSeries.bullet[4],1230,1230,0,0,PASS
Etc/GMT+5,ratingSeries.bullet[5],1240,1240,0,0,PASS
Etc/GMT+5,ratingSeries.daily[0],1250,1250,0,0,PASS
Etc/GMT+5,ratingSeries.daily[1],1260,1260,0,0,PASS
Etc/GMT+5,ratingSeries.daily[2],1270,1270,0,0,PASS
Etc/GMT+5,ratingSeries.daily[3],1280,1280,0,0,PASS
Etc/GMT+5,ratingSeries.daily[4],1290,1290,0,0,PASS
Etc/GMT+5,ratingSeries.rapid[0],1010,1010,0,0,PASS
Etc/GMT+5,ratingSeries.rapid[1],1020,1020,0,0,PASS
Etc/GMT+5,ratingSeries.rapid[2],1030,1030,0,0,PASS
Etc/GMT+5,ratingSeries.rapid[3],1040,1040,0,0,PASS
Etc/GMT+5,ratingSeries.rapid[4],1050,1050,0,0,PASS
Etc/GMT+5,ratingSeries.rapid[5],1060,1060,0,0,PASS
Etc/GMT+5,ratingSeries.rapid[6],1070,1070,0,0,PASS
Etc/GMT+5,ratingSeries.rapid[7],1080,1080,0,0,PASS
Etc/GMT+5,ratingSeries.rapid[8],1090,1090,0,0,PASS
Etc/GMT+5,ratingSeries.rapid[9],1010,MISSING,unequal,0,FAIL
Etc/GMT+5,rolling3.blitz[0],,,,1e-10,PASS
Etc/GMT+5,rolling3.blitz[1],,,,1e-10,PASS
Etc/GMT+5,rolling3.blitz[2],1120,1120.0,0.0,1e-10,PASS
Etc/GMT+5,rolling3.blitz[3],1130,1130.0,0.0,1e-10,PASS
Etc/GMT+5,rolling3.blitz[4],1140,1140.0,0.0,1e-10,PASS
Etc/GMT+5,rolling3.blitz[5],1150,1150.0,0.0,1e-10,PASS
Etc/GMT+5,rolling3.blitz[6],1160,1160.0,0.0,1e-10,PASS
Etc/GMT+5,rolling3.blitz[7],1170,1170.0,0.0,1e-10,PASS
Etc/GMT+5,rolling3.bullet[0],,,,1e-10,PASS
Etc/GMT+5,rolling3.bullet[1],,,,1e-10,PASS
Etc/GMT+5,rolling3.bullet[2],1200,1200.0,0.0,1e-10,PASS
Etc/GMT+5,rolling3.bullet[3],1210,1210.0,0.0,1e-10,PASS
Etc/GMT+5,rolling3.bullet[4],1220,1220.0,0.0,1e-10,PASS
Etc/GMT+5,rolling3.bullet[5],1230,1230.0,0.0,1e-10,PASS
Etc/GMT+5,rolling3.daily[0],,,,1e-10,PASS
Etc/GMT+5,rolling3.daily[1],,,,1e-10,PASS
Etc/GMT+5,rolling3.daily[2],1260,1260.0,0.0,1e-10,PASS
Etc/GMT+5,rolling3.daily[3],1270,1270.0,0.0,1e-10,PASS
Etc/GMT+5,rolling3.daily[4],1280,1280.0,0.0,1e-10,PASS
Etc/GMT+5,rolling3.rapid[0],,,,1e-10,PASS
Etc/GMT+5,rolling3.rapid[1],,,,1e-10,PASS
Etc/GMT+5,rolling3.rapid[2],1020,1020.0,0.0,1e-10,PASS
Etc/GMT+5,rolling3.rapid[3],1030,1030.0,0.0,1e-10,PASS
Etc/GMT+5,rolling3.rapid[4],1040,1040.0,0.0,1e-10,PASS
Etc/GMT+5,rolling3.rapid[5],1050,1050.0,0.0,1e-10,PASS
Etc/GMT+5,rolling3.rapid[6],1060,1060.0,0.0,1e-10,PASS
Etc/GMT+5,rolling3.rapid[7],1070,1070.0,0.0,1e-10,PASS
Etc/GMT+5,rolling3.rapid[8],1080,1080.0,0.0,1e-10,PASS
Etc/GMT+5,rolling3.rapid[9],1060,MISSING,unequal,1e-10,FAIL
Etc/GMT+5,solved,8,8,0,0,PASS
Etc/GMT+5,timeByDay.2023-12-31,30,30.0,0.0,0,PASS
Etc/GMT+5,timeByDay.2024-02-28,70,70.0,0.0,0,PASS
Etc/GMT+5,timeByDay.2024-02-29,110,110.0,0.0,0,PASS
Etc/GMT+5,timeByDay.2024-03-10,150,150.0,0.0,0,PASS
Etc/GMT+5,timeByDay.2024-11-03,190,190.0,0.0,0,PASS
Etc/GMT+5,timeByDay.2024-12-31,230,230.0,0.0,0,PASS
Etc/GMT+5,timeByDay.2025-01-01,930,930.0,0.0,0,PASS
Etc/GMT+5,timeByDay.2026-09-29,600,600.0,0.0,0,PASS
Etc/GMT+5,timeByDay.2026-09-30,220,220.0,0.0,0,PASS
Etc/GMT+5,timeByDay.2029-12-31,10,MISSING,unequal,0,FAIL
Etc/GMT+5,timeByMonth.2023-12,30,30.0,0.0,0,PASS
Etc/GMT+5,timeByMonth.2024-02,180,180.0,0.0,0,PASS
Etc/GMT+5,timeByMonth.2024-03,150,150.0,0.0,0,PASS
Etc/GMT+5,timeByMonth.2024-11,190,190.0,0.0,0,PASS
Etc/GMT+5,timeByMonth.2024-12,230,230.0,0.0,0,PASS
Etc/GMT+5,timeByMonth.2025-01,930,930.0,0.0,0,PASS
Etc/GMT+5,timeByMonth.2026-09,820,820.0,0.0,0,PASS
Etc/GMT+5,timeByMonth.2029-12,10,MISSING,unequal,0,FAIL
Etc/GMT+5,timeByWeek.2023-12-25,30,30.0,0.0,0,PASS
Etc/GMT+5,timeByWeek.2024-02-26,180,180.0,0.0,0,PASS
Etc/GMT+5,timeByWeek.2024-03-04,150,150.0,0.0,0,PASS
Etc/GMT+5,timeByWeek.2024-10-28,190,190.0,0.0,0,PASS
Etc/GMT+5,timeByWeek.2024-12-30,1160,1160.0,0.0,0,PASS
Etc/GMT+5,timeByWeek.2026-09-28,820,820.0,0.0,0,PASS
Etc/GMT+5,timeByWeek.2029-12-31,10,MISSING,unequal,0,FAIL
Etc/GMT+5,totalTimeSeconds,2540,2530.0,10.0,0,FAIL
Etc/GMT+5,unknown,0,0,0,0,PASS
Etc/GMT+5,unknownDurations,2,2,0,0,PASS
Etc/GMT+5,unknownPuzzles,1,1,0,0,PASS
Etc/GMT+5,weekdays[0],1,0,1,0,FAIL
Etc/GMT+5,weekdays[1],5,5,0,0,PASS
Etc/GMT+5,weekdays[2],11,11,0,0,PASS
Etc/GMT+5,weekdays[3],5,5,0,0,PASS
Etc/GMT+5,weekdays[4],3,3,0,0,PASS
Etc/GMT+5,weekdays[5],0,0,0,0,PASS
Etc/GMT+5,weekdays[6],6,6,0,0,PASS
Etc/GMT+5,winRate,48.38709677419355,46.666666666666664,1.7204301075268873,1e-10,FAIL
Etc/GMT+5,wins,15,14,1,0,FAIL
America/New_York,activityMonths[0],6,6,0,0,PASS
America/New_York,activityMonths[10],2,2,0,0,PASS
America/New_York,activityMonths[11],5,4,1,0,FAIL
America/New_York,activityMonths[1],4,4,0,0,PASS
America/New_York,activityMonths[2],2,2,0,0,PASS
America/New_York,activityMonths[3],0,0,0,0,PASS
America/New_York,activityMonths[4],0,0,0,0,PASS
America/New_York,activityMonths[5],0,0,0,0,PASS
America/New_York,activityMonths[6],0,0,0,0,PASS
America/New_York,activityMonths[7],0,0,0,0,PASS
America/New_York,activityMonths[8],6,6,0,0,PASS
America/New_York,activityMonths[9],6,6,0,0,PASS
America/New_York,averageDurationSeconds,110.43478260869566,115.0,-4.565217391304344,1e-10,FAIL
America/New_York,blitz,8,8,0,0,PASS
America/New_York,blitzTimeSeconds,1160,1160.0,0.0,0,PASS
America/New_York,blunders,3,3,0,0,PASS
America/New_York,bullet,6,6,0,0,PASS
America/New_York,bulletTimeSeconds,820,820.0,0.0,0,PASS
America/New_York,color.black.draws,2,2,0,0,PASS
America/New_York,color.black.games,15,15,0,0,PASS
America/New_York,color.black.losses,2,2,0,0,PASS
America/New_York,color.black.winRate,73.33333333333333,73.33333333333333,0.0,1e-10,PASS
America/New_York,color.black.wins,11,11,0,0,PASS
America/New_York,color.white.draws,6,6,0,0,PASS
America/New_York,color.white.games,16,15,1,0,FAIL
America/New_York,color.white.losses,6,6,0,0,PASS
America/New_York,color.white.winRate,25,20.0,5.0,1e-10,FAIL
America/New_York,color.white.wins,4,3,1,0,FAIL
America/New_York,combinedActiveDays,14,13,1,0,FAIL
America/New_York,combinedActivity,43,42,1,0,FAIL
America/New_York,currentCombinedStreak,5,5,0,0,PASS
America/New_York,currentGameStreak,4,4,0,0,PASS
America/New_York,currentPuzzleStreak,3,3,0,0,PASS
America/New_York,daily,6,6,0,0,PASS
America/New_York,dailyExcluded,6,6,0,0,PASS
America/New_York,draws,8,8,0,0,PASS
America/New_York,durationCoverage,0.92,0.9166666666666666,0.0033333333333334103,1e-10,FAIL
America/New_York,durationDistribution[0],6,5,1,0,FAIL
America/New_York,durationDistribution[1],12,12,0,0,PASS
America/New_York,durationDistribution[2],5,5,0,0,PASS
America/New_York,durationDistribution[3],0,0,0,0,PASS
America/New_York,durationDistribution[4],0,0,0,0,PASS
America/New_York,durationDistribution[5],0,0,0,0,PASS
America/New_York,ending.draw.50-move rule,1,1,0,0,PASS
America/New_York,ending.draw.Agreed draw,3,3,0,0,PASS
America/New_York,ending.draw.Insufficient material,1,1,0,0,PASS
America/New_York,ending.draw.Stalemate,2,2,0,0,PASS
America/New_York,ending.draw.Time vs insufficient material,1,1,0,0,PASS
America/New_York,ending.loss.Abandoned,1,1,0,0,PASS
America/New_York,ending.loss.Checkmate,1,1,0,0,PASS
America/New_York,ending.loss.Resignation,2,2,0,0,PASS
America/New_York,ending.loss.Timeout,4,4,0,0,PASS
America/New_York,ending.win.Abandoned,5,5,0,0,PASS
America/New_York,ending.win.Checkmate,6,6,0,0,PASS
America/New_York,ending.win.Resignation,3,2,1,0,FAIL
America/New_York,ending.win.Timeout,1,1,0,0,PASS
America/New_York,failed,3,3,0,0,PASS
America/New_York,gameActiveDays,12,11,1,0,FAIL
America/New_York,games,31,30,1,0,FAIL
America/New_York,gamesPerActiveDay,2.5833333333333335,2.727272727272727,-0.1439393939393936,1e-10,FAIL
America/New_York,heatmap.combined.2023-12-31,3,3,0,0,PASS
America/New_York,heatmap.combined.2024-02-28,3,3,0,0,PASS
America/New_York,heatmap.combined.2024-02-29,3,3,0,0,PASS
America/New_York,heatmap.combined.2024-03-10,2,2,0,0,PASS
America/New_York,heatmap.combined.2024-03-11,1,1,0,0,PASS
America/New_York,heatmap.combined.2024-11-03,2,2,0,0,PASS
America/New_York,heatmap.combined.2024-12-31,3,3,0,0,PASS
America/New_York,heatmap.combined.2025-01-01,6,6,0,0,PASS
America/New_York,heatmap.combined.2026-09-28,1,1,0,0,PASS
America/New_York,heatmap.combined.2026-09-29,3,3,0,0,PASS
America/New_York,heatmap.combined.2026-09-30,4,4,0,0,PASS
America/New_York,heatmap.combined.2026-10-01,4,4,0,0,PASS
America/New_York,heatmap.combined.2026-10-02,7,7,0,0,PASS
America/New_York,heatmap.combined.2029-12-31,1,MISSING,unequal,0,FAIL
America/New_York,heatmap.combined.sum,43,42,1,0,FAIL
America/New_York,heatmap.games.2023-12-31,2,2,0,0,PASS
America/New_York,heatmap.games.2024-02-28,2,2,0,0,PASS
America/New_York,heatmap.games.2024-02-29,2,2,0,0,PASS
America/New_York,heatmap.games.2024-03-10,2,2,0,0,PASS
America/New_York,heatmap.games.2024-11-03,2,2,0,0,PASS
America/New_York,heatmap.games.2024-12-31,2,2,0,0,PASS
America/New_York,heatmap.games.2025-01-01,6,6,0,0,PASS
America/New_York,heatmap.games.2026-09-29,3,3,0,0,PASS
America/New_York,heatmap.games.2026-09-30,3,3,0,0,PASS
America/New_York,heatmap.games.2026-10-01,3,3,0,0,PASS
America/New_York,heatmap.games.2026-10-02,3,3,0,0,PASS
America/New_York,heatmap.games.2029-12-31,1,MISSING,unequal,0,FAIL
America/New_York,heatmap.games.sum,31,30,1,0,FAIL
America/New_York,heatmap.puzzles.2023-12-31,1,1,0,0,PASS
America/New_York,heatmap.puzzles.2024-02-28,1,1,0,0,PASS
America/New_York,heatmap.puzzles.2024-02-29,1,1,0,0,PASS
America/New_York,heatmap.puzzles.2024-03-11,1,1,0,0,PASS
America/New_York,heatmap.puzzles.2024-12-31,1,1,0,0,PASS
America/New_York,heatmap.puzzles.2026-09-28,1,1,0,0,PASS
America/New_York,heatmap.puzzles.2026-09-30,1,1,0,0,PASS
America/New_York,heatmap.puzzles.2026-10-01,1,1,0,0,PASS
America/New_York,heatmap.puzzles.2026-10-02,4,4,0,0,PASS
America/New_York,heatmap.puzzles.sum,12,12,0,0,PASS
America/New_York,hours[0],0,0,0,0,PASS
America/New_York,hours[10],0,0,0,0,PASS
America/New_York,hours[11],4,4,0,0,PASS
America/New_York,hours[12],4,4,0,0,PASS
America/New_York,hours[13],12,12,0,0,PASS
America/New_York,hours[14],0,0,0,0,PASS
America/New_York,hours[15],0,0,0,0,PASS
America/New_York,hours[16],0,0,0,0,PASS
America/New_York,hours[17],0,0,0,0,PASS
America/New_York,hours[18],3,3,0,0,PASS
America/New_York,hours[19],4,3,1,0,FAIL
America/New_York,hours[1],3,3,0,0,PASS
America/New_York,hours[20],0,0,0,0,PASS
America/New_York,hours[21],0,0,0,0,PASS
America/New_York,hours[22],0,0,0,0,PASS
America/New_York,hours[23],0,0,0,0,PASS
America/New_York,hours[2],0,0,0,0,PASS
America/New_York,hours[3],1,1,0,0,PASS
America/New_York,hours[4],0,0,0,0,PASS
America/New_York,hours[5],0,0,0,0,PASS
America/New_York,hours[6],0,0,0,0,PASS
America/New_York,hours[7],0,0,0,0,PASS
America/New_York,hours[8],0,0,0,0,PASS
America/New_York,hours[9],0,0,0,0,PASS
America/New_York,inaccuracies,2,2,0,0,PASS
America/New_York,knownDurations,23,22,1,0,FAIL
America/New_York,longestCombinedStreak,5,5,0,0,PASS
America/New_York,longestGameStreak,4,4,0,0,PASS
America/New_York,longestPuzzleStreak,3,3,0,0,PASS
America/New_York,losses,8,8,0,0,PASS
America/New_York,mistakePhases.endgame,3,3,0,0,PASS
America/New_York,mistakePhases.middlegame,3,3,0,0,PASS
America/New_York,mistakePhases.opening,1,1,0,0,PASS
America/New_York,mistakes,2,2,0,0,PASS
America/New_York,openings.black:B20:Sicilian Defense.draws,0,0,0,0,PASS
America/New_York,openings.black:B20:Sicilian Defense.games,3,3,0,0,PASS
America/New_York,openings.black:B20:Sicilian Defense.losses,1,1,0,0,PASS
America/New_York,openings.black:B20:Sicilian Defense.winRate,66.66666666666666,66.66666666666666,0.0,1e-10,PASS
America/New_York,openings.black:B20:Sicilian Defense.wins,2,2,0,0,PASS
America/New_York,openings.black:C00:French Defense.draws,0,0,0,0,PASS
America/New_York,openings.black:C00:French Defense.games,4,4,0,0,PASS
America/New_York,openings.black:C00:French Defense.losses,0,0,0,0,PASS
America/New_York,openings.black:C00:French Defense.winRate,100,100.0,0.0,1e-10,PASS
America/New_York,openings.black:C00:French Defense.wins,4,4,0,0,PASS
America/New_York,openings.black:C20:King's Pawn Game.draws,0,0,0,0,PASS
America/New_York,openings.black:C20:King's Pawn Game.games,5,5,0,0,PASS
America/New_York,openings.black:C20:King's Pawn Game.losses,1,1,0,0,PASS
America/New_York,openings.black:C20:King's Pawn Game.winRate,80,80.0,0.0,1e-10,PASS
America/New_York,openings.black:C20:King's Pawn Game.wins,4,4,0,0,PASS
America/New_York,openings.white:B20:Sicilian Defense.draws,1,1,0,0,PASS
America/New_York,openings.white:B20:Sicilian Defense.games,3,3,0,0,PASS
America/New_York,openings.white:B20:Sicilian Defense.losses,1,1,0,0,PASS
America/New_York,openings.white:B20:Sicilian Defense.winRate,33.33333333333333,33.33333333333333,0.0,1e-10,PASS
America/New_York,openings.white:B20:Sicilian Defense.wins,1,1,0,0,PASS
America/New_York,openings.white:C00:French Defense.draws,2,2,0,0,PASS
America/New_York,openings.white:C00:French Defense.games,4,4,0,0,PASS
America/New_York,openings.white:C00:French Defense.losses,2,2,0,0,PASS
America/New_York,openings.white:C00:French Defense.winRate,0,0.0,0.0,1e-10,PASS
America/New_York,openings.white:C00:French Defense.wins,0,0,0,0,PASS
America/New_York,openings.white:C20:King's Pawn Game.draws,2,2,0,0,PASS
America/New_York,openings.white:C20:King's Pawn Game.games,6,5,1,0,FAIL
America/New_York,openings.white:C20:King's Pawn Game.losses,2,2,0,0,PASS
America/New_York,openings.white:C20:King's Pawn Game.winRate,33.33333333333333,20.0,13.333333333333329,1e-10,FAIL
America/New_York,openings.white:C20:King's Pawn Game.wins,2,1,1,0,FAIL
America/New_York,opponents.opponent0.averageDifference,-36,-50,14,0,FAIL
America/New_York,opponents.opponent0.averageRating,1165,1190,-25,0,FAIL
America/New_York,opponents.opponent0.draws,4,4,0,0,PASS
America/New_York,opponents.opponent0.games,11,10,1,0,FAIL
America/New_York,opponents.opponent0.losses,0,0,0,0,PASS
America/New_York,opponents.opponent0.winRate,63.63636363636363,60.0,3.636363636363633,1e-10,FAIL
America/New_York,opponents.opponent0.wins,7,6,1,0,FAIL
America/New_York,opponents.opponent1.averageDifference,-55,-55,0,0,PASS
America/New_York,opponents.opponent1.averageRating,1210,1210,0,0,PASS
America/New_York,opponents.opponent1.draws,1,1,0,0,PASS
America/New_York,opponents.opponent1.games,10,10,0,0,PASS
America/New_York,opponents.opponent1.losses,5,5,0,0,PASS
America/New_York,opponents.opponent1.winRate,40,40.0,0.0,1e-10,PASS
America/New_York,opponents.opponent1.wins,4,4,0,0,PASS
America/New_York,opponents.opponent2.averageDifference,-63,-63,0,0,PASS
America/New_York,opponents.opponent2.averageRating,1227,1227,0,0,PASS
America/New_York,opponents.opponent2.draws,3,3,0,0,PASS
America/New_York,opponents.opponent2.games,10,10,0,0,PASS
America/New_York,opponents.opponent2.losses,3,3,0,0,PASS
America/New_York,opponents.opponent2.winRate,40,40.0,0.0,1e-10,PASS
America/New_York,opponents.opponent2.wins,4,4,0,0,PASS
America/New_York,pool.blitz.draws,2,2,0,0,PASS
America/New_York,pool.blitz.games,8,8,0,0,PASS
America/New_York,pool.blitz.losses,2,2,0,0,PASS
America/New_York,pool.blitz.winRate,50,50.0,0.0,1e-10,PASS
America/New_York,pool.blitz.wins,4,4,0,0,PASS
America/New_York,pool.bullet.draws,1,1,0,0,PASS
America/New_York,pool.bullet.games,6,6,0,0,PASS
America/New_York,pool.bullet.losses,2,2,0,0,PASS
America/New_York,pool.bullet.winRate,50,50.0,0.0,1e-10,PASS
America/New_York,pool.bullet.wins,3,3,0,0,PASS
America/New_York,pool.daily.draws,3,3,0,0,PASS
America/New_York,pool.daily.games,6,6,0,0,PASS
America/New_York,pool.daily.losses,1,1,0,0,PASS
America/New_York,pool.daily.winRate,33.33333333333333,33.33333333333333,0.0,1e-10,PASS
America/New_York,pool.daily.wins,2,2,0,0,PASS
America/New_York,pool.rapid.draws,2,2,0,0,PASS
America/New_York,pool.rapid.games,11,10,1,0,FAIL
America/New_York,pool.rapid.losses,3,3,0,0,PASS
America/New_York,pool.rapid.winRate,54.54545454545454,50.0,4.54545454545454,1e-10,FAIL
America/New_York,pool.rapid.wins,6,5,1,0,FAIL
America/New_York,pool.unknown.draws,0,0,0,0,PASS
America/New_York,pool.unknown.games,0,0,0,0,PASS
America/New_York,pool.unknown.losses,0,0,0,0,PASS
America/New_York,pool.unknown.winRate,0,0,0,1e-10,PASS
America/New_York,pool.unknown.wins,0,0,0,0,PASS
America/New_York,puzzleActiveDays,9,9,0,0,PASS
America/New_York,puzzleSuccessRate,72.72727272727273,72.72727272727273,0.0,1e-10,PASS
America/New_York,puzzleWeekdays[0],2,2,0,0,PASS
America/New_York,puzzleWeekdays[1],1,1,0,0,PASS
America/New_York,puzzleWeekdays[2],2,2,0,0,PASS
America/New_York,puzzleWeekdays[3],2,2,0,0,PASS
America/New_York,puzzleWeekdays[4],4,4,0,0,PASS
America/New_York,puzzleWeekdays[5],0,0,0,0,PASS
America/New_York,puzzleWeekdays[6],1,1,0,0,PASS
America/New_York,puzzles,12,12,0,0,PASS
America/New_York,puzzlesPerActiveDay,1.3333333333333333,1.3333333333333333,0.0,1e-10,PASS
America/New_York,rapid,11,10,1,0,FAIL
America/New_York,rapidTimeSeconds,560,550.0,10.0,0,FAIL
America/New_York,rating.blitz.change,70,70,0,0,PASS
America/New_York,rating.blitz.current,1180,1180,0,0,PASS
America/New_York,rating.blitz.games,8,8,0,0,PASS
America/New_York,rating.blitz.highest,1180,1180,0,0,PASS
America/New_York,rating.blitz.lowest,1110,1110,0,0,PASS
America/New_York,rating.blitz.start,1110,1110,0,0,PASS
America/New_York,rating.bullet.change,50,50,0,0,PASS
America/New_York,rating.bullet.current,1240,1240,0,0,PASS
America/New_York,rating.bullet.games,6,6,0,0,PASS
America/New_York,rating.bullet.highest,1240,1240,0,0,PASS
America/New_York,rating.bullet.lowest,1190,1190,0,0,PASS
America/New_York,rating.bullet.start,1190,1190,0,0,PASS
America/New_York,rating.daily.change,40,40,0,0,PASS
America/New_York,rating.daily.current,1290,1290,0,0,PASS
America/New_York,rating.daily.games,5,5,0,0,PASS
America/New_York,rating.daily.highest,1290,1290,0,0,PASS
America/New_York,rating.daily.lowest,1250,1250,0,0,PASS
America/New_York,rating.daily.start,1250,1250,0,0,PASS
America/New_York,rating.rapid.change,0,80,-80,0,FAIL
America/New_York,rating.rapid.current,1010,1090,-80,0,FAIL
America/New_York,rating.rapid.games,10,9,1,0,FAIL
America/New_York,rating.rapid.highest,1090,1090,0,0,PASS
America/New_York,rating.rapid.lowest,1010,1010,0,0,PASS
America/New_York,rating.rapid.start,1010,1010,0,0,PASS
America/New_York,rating.unknown.change,,,,0,PASS
America/New_York,rating.unknown.current,,,,0,PASS
America/New_York,rating.unknown.games,0,0,0,0,PASS
America/New_York,rating.unknown.highest,,,,0,PASS
America/New_York,rating.unknown.lowest,,,,0,PASS
America/New_York,rating.unknown.start,,,,0,PASS
America/New_York,ratingMean.blitz,1145,1145.0,0.0,1e-10,PASS
America/New_York,ratingMean.bullet,1215,1215.0,0.0,1e-10,PASS
America/New_York,ratingMean.daily,1270,1270.0,0.0,1e-10,PASS
America/New_York,ratingMean.rapid,1046,1050.0,-4.0,1e-10,FAIL
America/New_York,ratingMean.unknown,,,,1e-10,PASS
America/New_York,ratingSeries.blitz[0],1110,1110,0,0,PASS
America/New_York,ratingSeries.blitz[1],1120,1120,0,0,PASS
America/New_York,ratingSeries.blitz[2],1130,1130,0,0,PASS
America/New_York,ratingSeries.blitz[3],1140,1140,0,0,PASS
America/New_York,ratingSeries.blitz[4],1150,1150,0,0,PASS
America/New_York,ratingSeries.blitz[5],1160,1160,0,0,PASS
America/New_York,ratingSeries.blitz[6],1170,1170,0,0,PASS
America/New_York,ratingSeries.blitz[7],1180,1180,0,0,PASS
America/New_York,ratingSeries.bullet[0],1190,1190,0,0,PASS
America/New_York,ratingSeries.bullet[1],1200,1200,0,0,PASS
America/New_York,ratingSeries.bullet[2],1210,1210,0,0,PASS
America/New_York,ratingSeries.bullet[3],1220,1220,0,0,PASS
America/New_York,ratingSeries.bullet[4],1230,1230,0,0,PASS
America/New_York,ratingSeries.bullet[5],1240,1240,0,0,PASS
America/New_York,ratingSeries.daily[0],1250,1250,0,0,PASS
America/New_York,ratingSeries.daily[1],1260,1260,0,0,PASS
America/New_York,ratingSeries.daily[2],1270,1270,0,0,PASS
America/New_York,ratingSeries.daily[3],1280,1280,0,0,PASS
America/New_York,ratingSeries.daily[4],1290,1290,0,0,PASS
America/New_York,ratingSeries.rapid[0],1010,1010,0,0,PASS
America/New_York,ratingSeries.rapid[1],1020,1020,0,0,PASS
America/New_York,ratingSeries.rapid[2],1030,1030,0,0,PASS
America/New_York,ratingSeries.rapid[3],1040,1040,0,0,PASS
America/New_York,ratingSeries.rapid[4],1050,1050,0,0,PASS
America/New_York,ratingSeries.rapid[5],1060,1060,0,0,PASS
America/New_York,ratingSeries.rapid[6],1070,1070,0,0,PASS
America/New_York,ratingSeries.rapid[7],1080,1080,0,0,PASS
America/New_York,ratingSeries.rapid[8],1090,1090,0,0,PASS
America/New_York,ratingSeries.rapid[9],1010,MISSING,unequal,0,FAIL
America/New_York,rolling3.blitz[0],,,,1e-10,PASS
America/New_York,rolling3.blitz[1],,,,1e-10,PASS
America/New_York,rolling3.blitz[2],1120,1120.0,0.0,1e-10,PASS
America/New_York,rolling3.blitz[3],1130,1130.0,0.0,1e-10,PASS
America/New_York,rolling3.blitz[4],1140,1140.0,0.0,1e-10,PASS
America/New_York,rolling3.blitz[5],1150,1150.0,0.0,1e-10,PASS
America/New_York,rolling3.blitz[6],1160,1160.0,0.0,1e-10,PASS
America/New_York,rolling3.blitz[7],1170,1170.0,0.0,1e-10,PASS
America/New_York,rolling3.bullet[0],,,,1e-10,PASS
America/New_York,rolling3.bullet[1],,,,1e-10,PASS
America/New_York,rolling3.bullet[2],1200,1200.0,0.0,1e-10,PASS
America/New_York,rolling3.bullet[3],1210,1210.0,0.0,1e-10,PASS
America/New_York,rolling3.bullet[4],1220,1220.0,0.0,1e-10,PASS
America/New_York,rolling3.bullet[5],1230,1230.0,0.0,1e-10,PASS
America/New_York,rolling3.daily[0],,,,1e-10,PASS
America/New_York,rolling3.daily[1],,,,1e-10,PASS
America/New_York,rolling3.daily[2],1260,1260.0,0.0,1e-10,PASS
America/New_York,rolling3.daily[3],1270,1270.0,0.0,1e-10,PASS
America/New_York,rolling3.daily[4],1280,1280.0,0.0,1e-10,PASS
America/New_York,rolling3.rapid[0],,,,1e-10,PASS
America/New_York,rolling3.rapid[1],,,,1e-10,PASS
America/New_York,rolling3.rapid[2],1020,1020.0,0.0,1e-10,PASS
America/New_York,rolling3.rapid[3],1030,1030.0,0.0,1e-10,PASS
America/New_York,rolling3.rapid[4],1040,1040.0,0.0,1e-10,PASS
America/New_York,rolling3.rapid[5],1050,1050.0,0.0,1e-10,PASS
America/New_York,rolling3.rapid[6],1060,1060.0,0.0,1e-10,PASS
America/New_York,rolling3.rapid[7],1070,1070.0,0.0,1e-10,PASS
America/New_York,rolling3.rapid[8],1080,1080.0,0.0,1e-10,PASS
America/New_York,rolling3.rapid[9],1060,MISSING,unequal,1e-10,FAIL
America/New_York,solved,8,8,0,0,PASS
America/New_York,timeByDay.2023-12-31,30,30.0,0.0,0,PASS
America/New_York,timeByDay.2024-02-28,70,70.0,0.0,0,PASS
America/New_York,timeByDay.2024-02-29,110,110.0,0.0,0,PASS
America/New_York,timeByDay.2024-03-10,150,150.0,0.0,0,PASS
America/New_York,timeByDay.2024-11-03,190,190.0,0.0,0,PASS
America/New_York,timeByDay.2024-12-31,230,230.0,0.0,0,PASS
America/New_York,timeByDay.2025-01-01,930,930.0,0.0,0,PASS
America/New_York,timeByDay.2026-09-29,600,600.0,0.0,0,PASS
America/New_York,timeByDay.2026-09-30,220,220.0,0.0,0,PASS
America/New_York,timeByDay.2029-12-31,10,MISSING,unequal,0,FAIL
America/New_York,timeByMonth.2023-12,30,30.0,0.0,0,PASS
America/New_York,timeByMonth.2024-02,180,180.0,0.0,0,PASS
America/New_York,timeByMonth.2024-03,150,150.0,0.0,0,PASS
America/New_York,timeByMonth.2024-11,190,190.0,0.0,0,PASS
America/New_York,timeByMonth.2024-12,230,230.0,0.0,0,PASS
America/New_York,timeByMonth.2025-01,930,930.0,0.0,0,PASS
America/New_York,timeByMonth.2026-09,820,820.0,0.0,0,PASS
America/New_York,timeByMonth.2029-12,10,MISSING,unequal,0,FAIL
America/New_York,timeByWeek.2023-12-25,30,30.0,0.0,0,PASS
America/New_York,timeByWeek.2024-02-26,180,180.0,0.0,0,PASS
America/New_York,timeByWeek.2024-03-04,150,150.0,0.0,0,PASS
America/New_York,timeByWeek.2024-10-28,190,190.0,0.0,0,PASS
America/New_York,timeByWeek.2024-12-30,1160,1160.0,0.0,0,PASS
America/New_York,timeByWeek.2026-09-28,820,820.0,0.0,0,PASS
America/New_York,timeByWeek.2029-12-31,10,MISSING,unequal,0,FAIL
America/New_York,totalTimeSeconds,2540,2530.0,10.0,0,FAIL
America/New_York,unknown,0,0,0,0,PASS
America/New_York,unknownDurations,2,2,0,0,PASS
America/New_York,unknownPuzzles,1,1,0,0,PASS
America/New_York,weekdays[0],1,0,1,0,FAIL
America/New_York,weekdays[1],5,5,0,0,PASS
America/New_York,weekdays[2],11,11,0,0,PASS
America/New_York,weekdays[3],5,5,0,0,PASS
America/New_York,weekdays[4],3,3,0,0,PASS
America/New_York,weekdays[5],0,0,0,0,PASS
America/New_York,weekdays[6],6,6,0,0,PASS
America/New_York,winRate,48.38709677419355,46.666666666666664,1.7204301075268873,1e-10,FAIL
America/New_York,wins,15,14,1,0,FAIL
